,DATE,OPEN,HIGH,LOW,CLOSE,NAME,TICKER,SECTOR
0,2015-07-06,49.9948,52.3115,49.9948,51.3749,Kraft Heinz,KHC,Consumer Staples
1,2015-07-07,51.9171,52.6072,51.3749,52.5509,Kraft Heinz,KHC,Consumer Staples
2,2015-07-08,52.3185,53.1635,52.1354,53.0931,Kraft Heinz,KHC,Consumer Staples
3,2015-07-09,53.8465,54.2662,52.4593,52.6706,Kraft Heinz,KHC,Consumer Staples
4,2015-07-10,52.8466,54.783,52.8114,54.438,Kraft Heinz,KHC,Consumer Staples
5,2015-07-13,55.9801,56.1209,54.8605,55.5083,Kraft Heinz,KHC,Consumer Staples
6,2015-07-14,55.9449,55.9801,54.6774,54.9239,Kraft Heinz,KHC,Consumer Staples
7,2015-07-15,54.6774,55.0436,53.7972,54.0155,Kraft Heinz,KHC,Consumer Staples
8,2015-07-16,54.1986,55.5154,54.1846,55.452,Kraft Heinz,KHC,Consumer Staples
9,2015-07-17,55.9308,56.1139,54.4028,56.0716,Kraft Heinz,KHC,Consumer Staples
10,2015-07-20,56.297,57.1772,55.7196,56.4096,Kraft Heinz,KHC,Consumer Staples
11,2015-07-21,56.3111,56.811,55.9097,56.4871,Kraft Heinz,KHC,Consumer Staples
12,2015-07-22,56.9166,56.9659,55.3323,55.3745,Kraft Heinz,KHC,Consumer Staples
13,2015-07-23,55.6154,55.7218,54.353,54.4239,Kraft Heinz,KHC,Consumer Staples
14,2015-07-24,54.5516,54.9133,53.8637,54.1899,Kraft Heinz,KHC,Consumer Staples
15,2015-07-27,54.3459,55.3033,54.1048,54.8778,Kraft Heinz,KHC,Consumer Staples
16,2015-07-28,55.6296,55.7785,54.9629,55.5445,Kraft Heinz,KHC,Consumer Staples
17,2015-07-29,55.5019,55.5302,54.6083,55.2537,Kraft Heinz,KHC,Consumer Staples
18,2015-07-30,55.4664,56.5161,55.0338,56.1756,Kraft Heinz,KHC,Consumer Staples
19,2015-07-31,56.6934,56.6934,55.931,56.36,Kraft Heinz,KHC,Consumer Staples
20,2015-08-03,56.7359,57.4664,56.6721,56.9983,Kraft Heinz,KHC,Consumer Staples
21,2015-08-04,57.1402,57.4451,56.5019,56.6012,Kraft Heinz,KHC,Consumer Staples
22,2015-08-05,56.743,57.4451,56.6295,57.0763,Kraft Heinz,KHC,Consumer Staples
23,2015-08-06,57.4806,57.5799,56.3884,56.5657,Kraft Heinz,KHC,Consumer Staples
24,2015-08-07,56.126,56.2962,54.814,55.6437,Kraft Heinz,KHC,Consumer Staples
25,2015-08-10,56.3317,56.5941,55.7218,55.892,Kraft Heinz,KHC,Consumer Staples
26,2015-08-11,55.0551,57.0763,54.658,55.2962,Kraft Heinz,KHC,Consumer Staples
27,2015-08-12,55.197,55.5374,53.9629,54.3885,Kraft Heinz,KHC,Consumer Staples
28,2015-08-13,54.6154,54.658,53.7573,53.892,Kraft Heinz,KHC,Consumer Staples
29,2015-08-14,53.9488,54.4239,53.2729,54.197,Kraft Heinz,KHC,Consumer Staples
30,2015-08-17,53.7998,54.1899,53.5516,53.7573,Kraft Heinz,KHC,Consumer Staples
31,2015-08-18,53.7005,53.8658,53.2325,53.3247,Kraft Heinz,KHC,Consumer Staples
32,2015-08-19,53.1899,53.3956,52.424,53.0339,Kraft Heinz,KHC,Consumer Staples
33,2015-08-20,52.4949,53.0228,52.3247,52.658,Kraft Heinz,KHC,Consumer Staples
34,2015-08-21,51.9914,52.658,51.2467,51.2538,Kraft Heinz,KHC,Consumer Staples
35,2015-08-24,48.3957,51.2325,43.559,50.2609,Kraft Heinz,KHC,Consumer Staples
36,2015-08-25,50.7361,51.346,49.6439,49.7929,Kraft Heinz,KHC,Consumer Staples
37,2015-08-26,50.8637,52.5587,49.3106,52.4169,Kraft Heinz,KHC,Consumer Staples
38,2015-08-27,51.8921,53.3672,51.8566,53.3176,Kraft Heinz,KHC,Consumer Staples
39,2015-08-28,52.7644,53.3247,52.3531,52.9701,Kraft Heinz,KHC,Consumer Staples
40,2015-08-31,52.6297,52.7857,51.4666,51.5304,Kraft Heinz,KHC,Consumer Staples
41,2015-09-01,50.5162,51.4453,49.3886,49.729,Kraft Heinz,KHC,Consumer Staples
42,2015-09-02,50.2397,51.112,49.8638,51.112,Kraft Heinz,KHC,Consumer Staples
43,2015-09-03,51.4595,52.4027,50.9134,51.1758,Kraft Heinz,KHC,Consumer Staples
44,2015-09-04,50.4524,50.8425,49.7354,50.0482,Kraft Heinz,KHC,Consumer Staples
45,2015-09-08,50.9559,52.7148,50.2184,52.5304,Kraft Heinz,KHC,Consumer Staples
46,2015-09-09,52.7999,52.8353,51.0481,51.1829,Kraft Heinz,KHC,Consumer Staples
47,2015-09-10,51.1545,51.807,50.9063,51.1758,Kraft Heinz,KHC,Consumer Staples
48,2015-09-11,51.2396,52.4311,50.7786,52.3105,Kraft Heinz,KHC,Consumer Staples
49,2015-09-14,52.1261,52.9843,51.4559,52.8708,Kraft Heinz,KHC,Consumer Staples
50,2015-09-15,53.1474,53.5587,52.307,53.4665,Kraft Heinz,KHC,Consumer Staples
51,2015-09-16,53.3318,54.4026,52.6935,54.1615,Kraft Heinz,KHC,Consumer Staples
52,2015-09-17,54.3105,55.1472,53.8991,54.2041,Kraft Heinz,KHC,Consumer Staples
53,2015-09-18,53.58,54.2537,53.197,53.502,Kraft Heinz,KHC,Consumer Staples
54,2015-09-21,53.6793,54.0339,53.1616,53.3318,Kraft Heinz,KHC,Consumer Staples
55,2015-09-22,52.5871,53.0977,52.2396,52.7006,Kraft Heinz,KHC,Consumer Staples
56,2015-09-23,52.6013,52.9048,51.9524,51.9914,Kraft Heinz,KHC,Consumer Staples
57,2015-09-24,51.7715,51.8708,50.8496,51.7148,Kraft Heinz,KHC,Consumer Staples
58,2015-09-25,52.3389,52.3743,51.6155,52.0197,Kraft Heinz,KHC,Consumer Staples
59,2015-09-28,51.6368,51.963,49.6368,49.6368,Kraft Heinz,KHC,Consumer Staples
60,2015-09-29,49.7574,50.3389,48.6865,49.0766,Kraft Heinz,KHC,Consumer Staples
61,2015-09-30,49.4099,50.2113,49.261,50.0269,Kraft Heinz,KHC,Consumer Staples
62,2015-10-01,50.5446,51.041,49.4809,50.2326,Kraft Heinz,KHC,Consumer Staples
63,2015-10-02,49.7787,50.6794,49.1971,50.6439,Kraft Heinz,KHC,Consumer Staples
64,2015-10-05,51.0623,51.9488,50.6011,51.2325,Kraft Heinz,KHC,Consumer Staples
65,2015-10-06,51.268,51.807,50.9843,51.3956,Kraft Heinz,KHC,Consumer Staples
66,2015-10-07,51.5871,52.2963,51.4028,51.8779,Kraft Heinz,KHC,Consumer Staples
67,2015-10-08,51.885,52.814,51.5871,52.7857,Kraft Heinz,KHC,Consumer Staples
68,2015-10-09,52.7715,53.3459,52.4736,52.7573,Kraft Heinz,KHC,Consumer Staples
69,2015-10-12,52.7715,52.7715,51.9914,52.2821,Kraft Heinz,KHC,Consumer Staples
70,2015-10-13,52.2041,52.4311,51.8992,52.041,Kraft Heinz,KHC,Consumer Staples
71,2015-10-14,51.8566,52.6935,51.7715,52.3176,Kraft Heinz,KHC,Consumer Staples
72,2015-10-15,52.5871,53.3459,52.4254,53.3459,Kraft Heinz,KHC,Consumer Staples
73,2015-10-16,53.6722,55.3175,53.0977,54.8849,Kraft Heinz,KHC,Consumer Staples
74,2015-10-19,54.5303,54.7501,54.1048,54.4665,Kraft Heinz,KHC,Consumer Staples
75,2015-10-20,54.041,54.7217,53.9771,54.5161,Kraft Heinz,KHC,Consumer Staples
76,2015-10-21,54.6083,55.1331,54.3459,54.6438,Kraft Heinz,KHC,Consumer Staples
77,2015-10-22,54.7643,56.6934,54.7643,56.6934,Kraft Heinz,KHC,Consumer Staples
78,2015-10-23,56.1331,56.6579,54.9133,55.3033,Kraft Heinz,KHC,Consumer Staples
79,2015-10-26,55.4452,55.4452,54.2395,54.4736,Kraft Heinz,KHC,Consumer Staples
80,2015-10-27,54.048,54.9487,54.048,54.7289,Kraft Heinz,KHC,Consumer Staples
81,2015-10-28,54.7147,56.1686,54.1402,56.1544,Kraft Heinz,KHC,Consumer Staples
82,2015-10-29,55.9132,56.0246,55.2104,55.7785,Kraft Heinz,KHC,Consumer Staples
83,2015-10-30,55.5799,56.0196,55.2182,55.2962,Kraft Heinz,KHC,Consumer Staples
84,2015-11-02,55.6225,55.9771,55.1189,55.509,Kraft Heinz,KHC,Consumer Staples
85,2015-11-03,55.197,55.3174,53.8142,54.2041,Kraft Heinz,KHC,Consumer Staples
86,2015-11-04,54.1261,54.3731,53.3601,53.7715,Kraft Heinz,KHC,Consumer Staples
87,2015-11-05,54.041,54.2529,53.0126,53.4878,Kraft Heinz,KHC,Consumer Staples
88,2015-11-06,52.3034,52.8353,50.7645,51.0694,Kraft Heinz,KHC,Consumer Staples
89,2015-11-09,51.0623,51.5446,50.2467,50.5233,Kraft Heinz,KHC,Consumer Staples
90,2015-11-10,50.885,51.2183,50.4599,51.1191,Kraft Heinz,KHC,Consumer Staples
91,2015-11-11,51.5588,51.6722,50.6084,51.1403,Kraft Heinz,KHC,Consumer Staples
92,2015-11-12,50.8902,51.0314,50.2253,50.69,Kraft Heinz,KHC,Consumer Staples
93,2015-11-13,50.4898,51.2691,50.4613,50.597,Kraft Heinz,KHC,Consumer Staples
94,2015-11-16,50.7758,51.5551,50.7186,51.2298,Kraft Heinz,KHC,Consumer Staples
95,2015-11-17,51.5479,51.5694,50.5041,51.0832,Kraft Heinz,KHC,Consumer Staples
96,2015-11-18,51.362,52.2164,50.883,51.8947,Kraft Heinz,KHC,Consumer Staples
97,2015-11-19,52.3701,52.7133,51.7195,52.4345,Kraft Heinz,KHC,Consumer Staples
98,2015-11-20,53.0279,54.0288,52.4774,52.6561,Kraft Heinz,KHC,Consumer Staples
99,2015-11-23,52.9278,53.2924,52.8313,52.9564,Kraft Heinz,KHC,Consumer Staples
100,2015-11-24,52.7133,53.271,52.6776,53.2424,Kraft Heinz,KHC,Consumer Staples
101,2015-11-25,53.2281,53.5641,52.7991,53.3639,Kraft Heinz,KHC,Consumer Staples
102,2015-11-27,53.3139,53.6213,53.0636,53.3425,Kraft Heinz,KHC,Consumer Staples
103,2015-11-30,53.2781,53.5212,52.5489,52.6847,Kraft Heinz,KHC,Consumer Staples
104,2015-12-01,53.0708,53.6213,52.7633,53.2424,Kraft Heinz,KHC,Consumer Staples
105,2015-12-02,53.0565,53.3495,52.1343,52.22,Kraft Heinz,KHC,Consumer Staples
106,2015-12-03,52.4059,52.6776,50.8258,51.0904,Kraft Heinz,KHC,Consumer Staples
107,2015-12-04,51.0475,51.9984,50.8115,51.6337,Kraft Heinz,KHC,Consumer Staples
108,2015-12-07,51.4192,51.6226,50.6545,51.0689,Kraft Heinz,KHC,Consumer Staples
109,2015-12-08,50.7615,51.2296,50.4669,51.1404,Kraft Heinz,KHC,Consumer Staples
110,2015-12-09,50.8759,51.598,50.404,50.69,Kraft Heinz,KHC,Consumer Staples
111,2015-12-10,50.6399,51.001,50.4112,50.6471,Kraft Heinz,KHC,Consumer Staples
112,2015-12-11,50.1109,50.5399,49.6104,49.8249,Kraft Heinz,KHC,Consumer Staples
113,2015-12-14,50.0966,50.8187,49.8821,50.7436,Kraft Heinz,KHC,Consumer Staples
114,2015-12-15,51.2834,52.0127,51.2262,51.4836,Kraft Heinz,KHC,Consumer Staples
115,2015-12-16,51.9126,52.3344,51.3978,52.1985,Kraft Heinz,KHC,Consumer Staples
116,2015-12-17,52.1556,52.4059,51.4049,51.4192,Kraft Heinz,KHC,Consumer Staples
117,2015-12-18,51.0618,51.4335,50.497,50.5256,Kraft Heinz,KHC,Consumer Staples
118,2015-12-21,50.8245,51.6461,50.7163,51.4443,Kraft Heinz,KHC,Consumer Staples
119,2015-12-22,51.6316,52.7487,51.3974,52.5614,Kraft Heinz,KHC,Consumer Staples
120,2015-12-23,52.828,53.8947,52.6046,53.7001,Kraft Heinz,KHC,Consumer Staples
121,2015-12-24,53.9163,53.9163,53.246,53.3037,Kraft Heinz,KHC,Consumer Staples
122,2015-12-28,53.1235,53.1771,52.5325,52.9145,Kraft Heinz,KHC,Consumer Staples
123,2015-12-29,53.0803,53.9523,52.9001,53.8298,Kraft Heinz,KHC,Consumer Staples
124,2015-12-30,53.801,54.0244,53.1235,53.1523,Kraft Heinz,KHC,Consumer Staples
125,2015-12-31,52.8785,52.9722,52.3452,52.4388,Kraft Heinz,KHC,Consumer Staples
126,2016-01-04,51.4443,52.5037,51.4226,52.3956,Kraft Heinz,KHC,Consumer Staples
127,2016-01-05,52.4244,53.0298,52.0929,52.8929,Kraft Heinz,KHC,Consumer Staples
128,2016-01-06,52.0352,53.1019,51.9127,52.9938,Kraft Heinz,KHC,Consumer Staples
129,2016-01-07,51.8983,52.6046,51.783,51.819,Kraft Heinz,KHC,Consumer Staples
130,2016-01-08,52.028,52.2298,51.2425,51.3001,Kraft Heinz,KHC,Consumer Staples
131,2016-01-11,51.4226,52.2731,51.0046,52.0857,Kraft Heinz,KHC,Consumer Staples
132,2016-01-12,52.5037,52.8641,51.986,52.7776,Kraft Heinz,KHC,Consumer Staples
133,2016-01-13,52.7487,52.9289,50.9109,51.0335,Kraft Heinz,KHC,Consumer Staples
134,2016-01-14,51.1416,51.5507,50.6688,50.983,Kraft Heinz,KHC,Consumer Staples
135,2016-01-15,49.6569,50.5578,49.138,49.8731,Kraft Heinz,KHC,Consumer Staples
136,2016-01-19,50.4569,50.8245,50.1254,50.5722,Kraft Heinz,KHC,Consumer Staples
137,2016-01-20,49.9308,51.5884,49.5416,51.2929,Kraft Heinz,KHC,Consumer Staples
138,2016-01-21,51.8911,52.8496,51.4055,52.6479,Kraft Heinz,KHC,Consumer Staples
139,2016-01-22,53.0442,53.6929,52.2587,53.6136,Kraft Heinz,KHC,Consumer Staples
140,2016-01-25,53.1163,53.8154,52.8569,53.3541,Kraft Heinz,KHC,Consumer Staples
141,2016-01-26,52.8785,54.7739,52.8785,54.7595,Kraft Heinz,KHC,Consumer Staples
142,2016-01-27,54.6803,55.6028,54.1613,54.7523,Kraft Heinz,KHC,Consumer Staples
143,2016-01-28,54.9685,55.4874,54.3992,54.8893,Kraft Heinz,KHC,Consumer Staples
144,2016-01-29,55.4226,56.3739,55.0622,56.2586,Kraft Heinz,KHC,Consumer Staples
145,2016-02-01,55.7613,55.8406,54.5361,55.5019,Kraft Heinz,KHC,Consumer Staples
146,2016-02-02,54.7523,55.3505,54.5721,54.7523,Kraft Heinz,KHC,Consumer Staples
147,2016-02-03,55.0406,55.0406,53.21,53.974,Kraft Heinz,KHC,Consumer Staples
148,2016-02-04,54.0821,54.1972,52.5542,53.4406,Kraft Heinz,KHC,Consumer Staples
149,2016-02-05,53.5343,53.7361,51.992,52.4533,Kraft Heinz,KHC,Consumer Staples
150,2016-02-08,51.956,52.0352,50.5794,51.329,Kraft Heinz,KHC,Consumer Staples
151,2016-02-09,50.8821,51.8623,50.4569,51.538,Kraft Heinz,KHC,Consumer Staples
152,2016-02-10,51.9416,52.828,51.6841,51.9704,Kraft Heinz,KHC,Consumer Staples
153,2016-02-11,51.0983,51.8623,50.5751,51.4875,Kraft Heinz,KHC,Consumer Staples
154,2016-02-12,52.0352,52.2154,51.1848,51.8334,Kraft Heinz,KHC,Consumer Staples
155,2016-02-16,52.5397,52.6551,51.8334,52.1145,Kraft Heinz,KHC,Consumer Staples
156,2016-02-17,52.6118,53.6136,52.2515,53.5055,Kraft Heinz,KHC,Consumer Staples
157,2016-02-18,53.3902,53.5415,52.8569,52.9361,Kraft Heinz,KHC,Consumer Staples
158,2016-02-19,52.5397,53.1114,52.4893,52.9866,Kraft Heinz,KHC,Consumer Staples
159,2016-02-22,53.6136,53.6136,52.0425,52.8496,Kraft Heinz,KHC,Consumer Staples
160,2016-02-23,52.6839,52.965,52.2947,52.4821,Kraft Heinz,KHC,Consumer Staples
161,2016-02-24,52.1289,52.8496,51.765,52.6046,Kraft Heinz,KHC,Consumer Staples
162,2016-02-25,52.9073,54.0388,52.8496,54.0244,Kraft Heinz,KHC,Consumer Staples
163,2016-02-26,56.7919,56.864,55.2424,56.1,Kraft Heinz,KHC,Consumer Staples
164,2016-02-29,55.6965,56.2154,55.4442,55.5091,Kraft Heinz,KHC,Consumer Staples
165,2016-03-01,55.9703,56.1577,55.437,55.9703,Kraft Heinz,KHC,Consumer Staples
166,2016-03-02,55.9343,56.0712,54.8604,55.8478,Kraft Heinz,KHC,Consumer Staples
167,2016-03-03,55.7109,55.891,55.1055,55.7613,Kraft Heinz,KHC,Consumer Staples
168,2016-03-04,56.1505,56.1577,54.9613,55.6388,Kraft Heinz,KHC,Consumer Staples
169,2016-03-07,55.5019,55.7757,54.8748,55.1343,Kraft Heinz,KHC,Consumer Staples
170,2016-03-08,54.7812,55.6028,54.7307,54.9829,Kraft Heinz,KHC,Consumer Staples
171,2016-03-09,55.2568,55.4947,54.6298,55.228,Kraft Heinz,KHC,Consumer Staples
172,2016-03-10,55.4802,55.5999,54.4496,54.9325,Kraft Heinz,KHC,Consumer Staples
173,2016-03-11,55.682,55.7469,55.0694,55.4586,Kraft Heinz,KHC,Consumer Staples
174,2016-03-14,55.4082,56.0495,54.846,55.9055,Kraft Heinz,KHC,Consumer Staples
175,2016-03-15,55.8262,56.0856,55.3649,56.0568,Kraft Heinz,KHC,Consumer Staples
176,2016-03-16,56.6151,56.7095,55.8673,56.6514,Kraft Heinz,KHC,Consumer Staples
177,2016-03-17,56.3247,56.7022,55.7148,56.6369,Kraft Heinz,KHC,Consumer Staples
178,2016-03-18,56.9055,56.9128,55.7366,56.1287,Kraft Heinz,KHC,Consumer Staples
179,2016-03-21,55.8818,56.2666,55.301,55.6059,Kraft Heinz,KHC,Consumer Staples
180,2016-03-22,55.8963,55.9216,55.1994,55.497,Kraft Heinz,KHC,Consumer Staples
181,2016-03-23,55.5914,55.9472,55.33,55.7656,Kraft Heinz,KHC,Consumer Staples
182,2016-03-24,55.7366,56.0996,55.0748,55.5115,Kraft Heinz,KHC,Consumer Staples
183,2016-03-28,55.6277,56.5788,55.2211,56.4554,Kraft Heinz,KHC,Consumer Staples
184,2016-03-29,56.3247,57.2177,55.9254,57.2104,Kraft Heinz,KHC,Consumer Staples
185,2016-03-30,57.2976,57.3919,56.8256,57.283,Kraft Heinz,KHC,Consumer Staples
186,2016-03-31,57.3193,57.3193,56.8329,57.0362,Kraft Heinz,KHC,Consumer Staples
187,2016-04-01,57.0144,57.4718,56.7131,57.4137,Kraft Heinz,KHC,Consumer Staples
188,2016-04-04,57.3339,57.421,56.9055,57.2467,Kraft Heinz,KHC,Consumer Staples
189,2016-04-05,56.9708,57.2467,56.5498,56.6369,Kraft Heinz,KHC,Consumer Staples
190,2016-04-06,56.9345,56.9345,56.2666,56.891,Kraft Heinz,KHC,Consumer Staples
191,2016-04-07,56.6441,56.8402,55.9217,56.2666,Kraft Heinz,KHC,Consumer Staples
192,2016-04-08,56.6078,57.0652,56.2956,56.9708,Kraft Heinz,KHC,Consumer Staples
193,2016-04-11,57.1596,57.3556,56.5207,56.5643,Kraft Heinz,KHC,Consumer Staples
194,2016-04-12,56.6296,57.087,56.2956,56.8692,Kraft Heinz,KHC,Consumer Staples
195,2016-04-13,57.1233,57.1596,55.9689,56.194,Kraft Heinz,KHC,Consumer Staples
196,2016-04-14,56.194,56.4953,55.8237,56.027,Kraft Heinz,KHC,Consumer Staples
197,2016-04-15,56.3102,56.8402,55.998,56.6659,Kraft Heinz,KHC,Consumer Staples
198,2016-04-18,56.5715,56.891,56.0996,56.8765,Kraft Heinz,KHC,Consumer Staples
199,2016-04-19,56.8765,57.2685,56.528,56.8474,Kraft Heinz,KHC,Consumer Staples
200,2016-04-20,56.8765,57.1233,56.2666,56.5715,Kraft Heinz,KHC,Consumer Staples
201,2016-04-21,56.4771,56.5715,55.6428,55.7148,Kraft Heinz,KHC,Consumer Staples
202,2016-04-22,55.6858,56.7385,55.6858,56.7022,Kraft Heinz,KHC,Consumer Staples
203,2016-04-25,56.5425,57.2395,56.2956,57.1596,Kraft Heinz,KHC,Consumer Staples
204,2016-04-26,57.1451,57.7549,56.9999,57.1378,Kraft Heinz,KHC,Consumer Staples
205,2016-04-27,57.5154,57.7186,56.6224,57.4282,Kraft Heinz,KHC,Consumer Staples
206,2016-04-28,57.0289,57.5226,56.695,56.891,Kraft Heinz,KHC,Consumer Staples
207,2016-04-29,56.3465,56.8365,55.998,56.6804,Kraft Heinz,KHC,Consumer Staples
208,2016-05-02,56.6804,58.2632,56.6296,57.7332,Kraft Heinz,KHC,Consumer Staples
209,2016-05-03,57.3702,57.5662,56.7901,57.1233,Kraft Heinz,KHC,Consumer Staples
210,2016-05-04,56.9781,58.2995,56.8402,58.0671,Kraft Heinz,KHC,Consumer Staples
211,2016-05-05,60.2307,61.1092,59.8967,60.2379,Kraft Heinz,KHC,Consumer Staples
212,2016-05-06,60.1363,61.0148,59.4901,60.9857,Kraft Heinz,KHC,Consumer Staples
213,2016-05-09,60.9857,61.5593,60.7244,61.1745,Kraft Heinz,KHC,Consumer Staples
214,2016-05-10,61.3052,62.583,61.1527,62.5394,Kraft Heinz,KHC,Consumer Staples
215,2016-05-11,62.416,62.8298,61.8497,61.857,Kraft Heinz,KHC,Consumer Staples
216,2016-05-12,62.0602,62.917,61.8207,62.6846,Kraft Heinz,KHC,Consumer Staples
217,2016-05-13,62.4596,62.7645,61.5085,61.8061,Kraft Heinz,KHC,Consumer Staples
218,2016-05-16,61.9513,62.612,61.7408,62.3434,Kraft Heinz,KHC,Consumer Staples
219,2016-05-17,62.2127,62.4813,59.3667,59.6499,Kraft Heinz,KHC,Consumer Staples
220,2016-05-18,59.4974,59.7364,58.4157,58.9384,Kraft Heinz,KHC,Consumer Staples
221,2016-05-19,58.6988,60.2742,58.5245,60.2597,Kraft Heinz,KHC,Consumer Staples
222,2016-05-20,59.8241,60.1581,59.403,59.8386,Kraft Heinz,KHC,Consumer Staples
223,2016-05-23,59.904,60.4412,59.8386,60.1218,Kraft Heinz,KHC,Consumer Staples
224,2016-05-24,60.3541,61.258,60.0419,61.1455,Kraft Heinz,KHC,Consumer Staples
225,2016-05-25,61.0802,61.972,60.7659,61.5992,Kraft Heinz,KHC,Consumer Staples
226,2016-05-26,61.4165,62.0013,61.2264,61.263,Kraft Heinz,KHC,Consumer Staples
227,2016-05-27,61.1533,61.5919,61.0364,61.475,Kraft Heinz,KHC,Consumer Staples
228,2016-05-31,61.5188,61.7235,60.4324,60.8098,Kraft Heinz,KHC,Consumer Staples
229,2016-06-01,60.7367,61.3946,60.6709,61.3653,Kraft Heinz,KHC,Consumer Staples
230,2016-06-02,61.3141,61.9793,61.0729,61.972,Kraft Heinz,KHC,Consumer Staples
231,2016-06-03,62.1328,62.4398,61.9135,62.3521,Kraft Heinz,KHC,Consumer Staples
232,2016-06-06,62.4983,62.5714,61.9062,62.1255,Kraft Heinz,KHC,Consumer Staples
233,2016-06-07,62.2571,62.6299,61.8551,61.9501,Kraft Heinz,KHC,Consumer Staples
234,2016-06-08,62.1767,62.4398,61.6431,62.2644,Kraft Heinz,KHC,Consumer Staples
235,2016-06-09,62.0744,62.6664,61.972,62.586,Kraft Heinz,KHC,Consumer Staples
236,2016-06-10,62.5714,62.5714,61.9209,62.3814,Kraft Heinz,KHC,Consumer Staples
237,2016-06-13,62.3302,62.6811,61.8733,62.0963,Kraft Heinz,KHC,Consumer Staples
238,2016-06-14,62.089,62.3448,61.6431,62.0451,Kraft Heinz,KHC,Consumer Staples
239,2016-06-15,62.1328,62.4179,61.665,62.0159,Kraft Heinz,KHC,Consumer Staples
240,2016-06-16,61.8989,62.3667,61.3872,62.3375,Kraft Heinz,KHC,Consumer Staples
241,2016-06-17,62.3814,62.4033,61.4165,62.0013,Kraft Heinz,KHC,Consumer Staples
242,2016-06-20,62.491,63.2293,62.3064,62.4983,Kraft Heinz,KHC,Consumer Staples
243,2016-06-21,62.5276,63.1854,62.491,62.6372,Kraft Heinz,KHC,Consumer Staples
244,2016-06-22,62.82,62.8565,62.1913,62.2863,Kraft Heinz,KHC,Consumer Staples
245,2016-06-23,62.82,63.1474,62.4435,63.1343,Kraft Heinz,KHC,Consumer Staples
246,2016-06-24,61.1826,62.2059,60.9779,61.2045,Kraft Heinz,KHC,Consumer Staples
247,2016-06-27,60.839,61.2922,60.3054,61.1314,Kraft Heinz,KHC,Consumer Staples
248,2016-06-28,61.312,61.9793,60.6709,61.9647,Kraft Heinz,KHC,Consumer Staples
249,2016-06-29,62.1548,63.105,61.9135,62.9369,Kraft Heinz,KHC,Consumer Staples
250,2016-06-30,63.1489,64.7863,62.9881,64.6766,Kraft Heinz,KHC,Consumer Staples
251,2016-07-01,64.7497,65.3491,64.4354,64.5012,Kraft Heinz,KHC,Consumer Staples
252,2016-07-05,64.4646,65.4149,63.9603,64.8667,Kraft Heinz,KHC,Consumer Staples
253,2016-07-06,64.8009,65.6159,64.5085,65.5977,Kraft Heinz,KHC,Consumer Staples
254,2016-07-07,65.4734,65.6561,64.9178,65.2833,Kraft Heinz,KHC,Consumer Staples
255,2016-07-08,65.7365,65.9778,65.1518,65.6781,Kraft Heinz,KHC,Consumer Staples
256,2016-07-11,65.7365,65.8974,65.2833,65.6708,Kraft Heinz,KHC,Consumer Staples
257,2016-07-12,65.4149,65.583,64.0553,64.1796,Kraft Heinz,KHC,Consumer Staples
258,2016-07-13,64.2015,65.1152,64.0553,65.0714,Kraft Heinz,KHC,Consumer Staples
259,2016-07-14,65.1591,65.2373,64.2234,64.5743,Kraft Heinz,KHC,Consumer Staples
260,2016-07-15,64.9836,65.2175,64.4208,64.9544,Kraft Heinz,KHC,Consumer Staples
261,2016-07-18,65.1152,65.276,64.7205,65.1298,Kraft Heinz,KHC,Consumer Staples
262,2016-07-19,64.9398,65.1371,64.5158,65.0348,Kraft Heinz,KHC,Consumer Staples
263,2016-07-20,64.9617,65.0202,64.2819,64.45,Kraft Heinz,KHC,Consumer Staples
264,2016-07-21,64.3989,64.4646,63.8334,64.0626,Kraft Heinz,KHC,Consumer Staples
265,2016-07-22,64.3404,64.6839,64.1905,64.4427,Kraft Heinz,KHC,Consumer Staples
266,2016-07-25,64.4427,64.6401,64.2015,64.6255,Kraft Heinz,KHC,Consumer Staples
267,2016-07-26,64.7205,64.9032,63.624,63.6386,Kraft Heinz,KHC,Consumer Staples
268,2016-07-27,63.8726,63.931,62.279,62.5933,Kraft Heinz,KHC,Consumer Staples
269,2016-07-28,62.6299,63.0173,62.3083,62.8346,Kraft Heinz,KHC,Consumer Staples
270,2016-07-29,63.0319,63.3243,62.7615,63.1489,Kraft Heinz,KHC,Consumer Staples
271,2016-08-01,63.0831,63.2878,62.5129,62.8419,Kraft Heinz,KHC,Consumer Staples
272,2016-08-02,62.6811,62.6811,61.8697,62.2425,Kraft Heinz,KHC,Consumer Staples
273,2016-08-03,62.3594,62.4807,61.5846,62.0597,Kraft Heinz,KHC,Consumer Staples
274,2016-08-04,62.2279,62.6007,61.8989,62.5276,Kraft Heinz,KHC,Consumer Staples
275,2016-08-05,65.6781,66.1459,64.6912,64.9032,Kraft Heinz,KHC,Consumer Staples
276,2016-08-08,64.8448,64.9032,64.0261,64.874,Kraft Heinz,KHC,Consumer Staples
277,2016-08-09,65.0056,65.7804,64.863,65.6269,Kraft Heinz,KHC,Consumer Staples
278,2016-08-10,65.6196,65.7512,65.0348,65.3126,Kraft Heinz,KHC,Consumer Staples
279,2016-08-11,65.5757,66.102,65.2687,65.3784,Kraft Heinz,KHC,Consumer Staples
280,2016-08-12,65.2249,66.1313,65.2249,65.4661,Kraft Heinz,KHC,Consumer Staples
281,2016-08-15,65.5757,65.7073,64.9471,65.1152,Kraft Heinz,KHC,Consumer Staples
282,2016-08-16,65.0787,65.181,64.5122,65.0275,Kraft Heinz,KHC,Consumer Staples
283,2016-08-17,65.0933,65.4003,64.5012,65.3564,Kraft Heinz,KHC,Consumer Staples
284,2016-08-18,65.276,65.6854,65.1297,65.6123,Kraft Heinz,KHC,Consumer Staples
285,2016-08-19,65.4953,65.9339,65.3126,65.7292,Kraft Heinz,KHC,Consumer Staples
286,2016-08-22,65.7,66.0728,65.4368,65.7658,Kraft Heinz,KHC,Consumer Staples
287,2016-08-23,65.9705,66.1386,65.3105,65.4003,Kraft Heinz,KHC,Consumer Staples
288,2016-08-24,65.3778,65.4882,64.7817,65.4588,Kraft Heinz,KHC,Consumer Staples
289,2016-08-25,65.4882,66.1873,65.2699,65.422,Kraft Heinz,KHC,Consumer Staples
290,2016-08-26,65.525,65.8267,64.7008,64.8848,Kraft Heinz,KHC,Consumer Staples
291,2016-08-29,65.0172,65.3557,64.8553,65.1791,Kraft Heinz,KHC,Consumer Staples
292,2016-08-30,65.2233,65.3668,64.5904,64.7376,Kraft Heinz,KHC,Consumer Staples
293,2016-08-31,64.8406,66.099,64.8406,65.8562,Kraft Heinz,KHC,Consumer Staples
294,2016-09-01,65.915,66.0181,65.157,65.8488,Kraft Heinz,KHC,Consumer Staples
295,2016-09-02,66.1579,66.6289,65.5765,65.9445,Kraft Heinz,KHC,Consumer Staples
296,2016-09-06,66.0033,66.3639,65.5947,66.0401,Kraft Heinz,KHC,Consumer Staples
297,2016-09-07,65.6648,66.0916,65.4661,66.0769,Kraft Heinz,KHC,Consumer Staples
298,2016-09-08,66.0107,66.0769,65.2822,65.6354,Kraft Heinz,KHC,Consumer Staples
299,2016-09-09,64.9363,65.0317,63.2511,63.2658,Kraft Heinz,KHC,Consumer Staples
300,2016-09-12,62.9788,65.2748,62.8095,65.1718,Kraft Heinz,KHC,Consumer Staples
301,2016-09-13,65.6943,65.6943,64.3549,64.9584,Kraft Heinz,KHC,Consumer Staples
302,2016-09-14,64.8553,65.3631,64.3034,64.5242,Kraft Heinz,KHC,Consumer Staples
303,2016-09-15,64.2887,65.6869,64.2592,65.6207,Kraft Heinz,KHC,Consumer Staples
304,2016-09-16,65.3705,65.5912,64.5021,65.4514,Kraft Heinz,KHC,Consumer Staples
305,2016-09-19,65.4073,65.4956,63.9502,64.0017,Kraft Heinz,KHC,Consumer Staples
306,2016-09-20,64.377,64.5536,64.0973,64.1121,Kraft Heinz,KHC,Consumer Staples
307,2016-09-21,64.2151,64.8774,63.8471,64.6934,Kraft Heinz,KHC,Consumer Staples
308,2016-09-22,65.2233,65.6133,65.0099,65.5324,Kraft Heinz,KHC,Consumer Staples
309,2016-09-23,65.6354,65.8635,65.2527,65.3705,Kraft Heinz,KHC,Consumer Staples
310,2016-09-26,65.3337,65.4808,64.8038,65.1497,Kraft Heinz,KHC,Consumer Staples
311,2016-09-27,65.3189,65.8562,65.1423,65.6648,Kraft Heinz,KHC,Consumer Staples
312,2016-09-28,65.9224,65.9518,65.3557,65.9003,Kraft Heinz,KHC,Consumer Staples
313,2016-09-29,65.6648,65.812,65.0614,65.1791,Kraft Heinz,KHC,Consumer Staples
314,2016-09-30,65.4956,66.1652,65.3852,65.8709,Kraft Heinz,KHC,Consumer Staples
315,2016-10-03,65.6795,65.8341,65.3116,65.5544,Kraft Heinz,KHC,Consumer Staples
316,2016-10-04,65.709,65.709,64.5315,64.7744,Kraft Heinz,KHC,Consumer Staples
317,2016-10-05,64.9951,64.9951,64.274,64.3034,Kraft Heinz,KHC,Consumer Staples
318,2016-10-06,64.0458,64.5095,63.8619,64.3843,Kraft Heinz,KHC,Consumer Staples
319,2016-10-07,64.583,64.583,63.803,64.3181,Kraft Heinz,KHC,Consumer Staples
320,2016-10-10,64.3476,65.2527,64.3476,65.1276,Kraft Heinz,KHC,Consumer Staples
321,2016-10-11,64.9363,65.1275,64.0679,64.2004,Kraft Heinz,KHC,Consumer Staples
322,2016-10-12,65.0982,65.0982,64.0238,64.1268,Kraft Heinz,KHC,Consumer Staples
323,2016-10-13,63.8692,64.2592,63.6558,64.0605,Kraft Heinz,KHC,Consumer Staples
324,2016-10-14,64.274,65.2748,64.0679,65.1497,Kraft Heinz,KHC,Consumer Staples
325,2016-10-17,65.2895,65.4956,64.7817,65.3705,Kraft Heinz,KHC,Consumer Staples
326,2016-10-18,66.2977,66.3419,65.422,65.4441,Kraft Heinz,KHC,Consumer Staples
327,2016-10-19,65.4441,65.4588,64.4285,64.8185,Kraft Heinz,KHC,Consumer Staples
328,2016-10-20,64.1857,65.3189,64.1857,64.7302,Kraft Heinz,KHC,Consumer Staples
329,2016-10-21,64.5021,64.8921,64.0088,64.7008,Kraft Heinz,KHC,Consumer Staples
330,2016-10-24,65.2086,65.6575,65.1357,65.4293,Kraft Heinz,KHC,Consumer Staples
331,2016-10-25,65.6648,65.996,64.8848,65.0246,Kraft Heinz,KHC,Consumer Staples
332,2016-10-26,65.135,65.2748,64.6934,64.8185,Kraft Heinz,KHC,Consumer Staples
333,2016-10-27,64.8848,65.0319,64.157,64.5315,Kraft Heinz,KHC,Consumer Staples
334,2016-10-28,64.377,65.2527,64.377,64.8185,Kraft Heinz,KHC,Consumer Staples
335,2016-10-31,65.0835,65.6133,64.9878,65.4588,Kraft Heinz,KHC,Consumer Staples
336,2016-11-01,65.4956,65.628,64.8406,65.0319,Kraft Heinz,KHC,Consumer Staples
337,2016-11-02,65.2233,65.2674,64.7449,64.87,Kraft Heinz,KHC,Consumer Staples
338,2016-11-03,64.848,65.0319,63.3835,63.4718,Kraft Heinz,KHC,Consumer Staples
339,2016-11-04,60.3663,62.7286,59.6083,61.8528,Kraft Heinz,KHC,Consumer Staples
340,2016-11-07,62.7874,63.3541,62.0368,63.3099,Kraft Heinz,KHC,Consumer Staples
341,2016-11-08,63.4571,65.3778,63.3394,65.0099,Kraft Heinz,KHC,Consumer Staples
342,2016-11-09,63.4203,64.0017,61.9485,62.5078,Kraft Heinz,KHC,Consumer Staples
343,2016-11-10,62.574,62.942,59.2845,59.9174,Kraft Heinz,KHC,Consumer Staples
344,2016-11-11,59.6083,60.1529,58.9902,59.7629,Kraft Heinz,KHC,Consumer Staples
345,2016-11-14,59.6157,60.0719,58.8135,58.9313,Kraft Heinz,KHC,Consumer Staples
346,2016-11-15,59.2919,60.1382,59.0343,59.7113,Kraft Heinz,KHC,Consumer Staples
347,2016-11-16,59.888,60.8962,59.8217,60.6386,Kraft Heinz,KHC,Consumer Staples
348,2016-11-17,60.5724,60.9624,59.9763,60.9624,Kraft Heinz,KHC,Consumer Staples
349,2016-11-18,60.8594,61.0286,60.3589,60.7343,Kraft Heinz,KHC,Consumer Staples
350,2016-11-21,60.7343,61.6836,60.4951,61.5511,Kraft Heinz,KHC,Consumer Staples
351,2016-11-22,61.713,62.1618,61.5953,61.8823,Kraft Heinz,KHC,Consumer Staples
352,2016-11-23,61.6689,62.0442,60.1455,60.668,Kraft Heinz,KHC,Consumer Staples
353,2016-11-25,60.8078,61.2935,60.8078,61.0433,Kraft Heinz,KHC,Consumer Staples
354,2016-11-28,61.0433,61.5732,60.6092,61.242,Kraft Heinz,KHC,Consumer Staples
355,2016-11-29,61.3745,62.184,61.1758,61.816,Kraft Heinz,KHC,Consumer Staples
356,2016-11-30,52.648,61.907,60.5282,60.5282,Kraft Heinz,KHC,Consumer Staples
357,2016-12-01,60.4244,60.6246,59.2531,59.6683,Kraft Heinz,KHC,Consumer Staples
358,2016-12-02,59.8536,60.4318,59.5645,59.9796,Kraft Heinz,KHC,Consumer Staples
359,2016-12-05,59.9796,60.1575,59.3903,59.5126,Kraft Heinz,KHC,Consumer Staples
360,2016-12-06,59.7572,59.9559,59.0752,59.2754,Kraft Heinz,KHC,Consumer Staples
361,2016-12-07,59.6312,61.6847,59.5052,61.4919,Kraft Heinz,KHC,Consumer Staples
362,2016-12-08,61.225,61.3733,60.6839,61.0175,Kraft Heinz,KHC,Consumer Staples
363,2016-12-09,61.1954,62.1165,60.8396,62.1072,Kraft Heinz,KHC,Consumer Staples
364,2016-12-12,61.9738,62.8856,61.744,62.4186,Kraft Heinz,KHC,Consumer Staples
365,2016-12-13,62.7151,63.4564,62.2925,62.9671,Kraft Heinz,KHC,Consumer Staples
366,2016-12-14,62.9968,63.3081,62.0627,62.5372,Kraft Heinz,KHC,Consumer Staples
367,2016-12-15,63.108,63.7974,62.3667,63.2859,Kraft Heinz,KHC,Consumer Staples
368,2016-12-16,63.664,64.1681,62.9078,64.0939,Kraft Heinz,KHC,Consumer Staples
369,2016-12-19,64.0124,64.4127,63.5453,64.1977,Kraft Heinz,KHC,Consumer Staples
370,2016-12-20,63.9605,64.1977,63.2562,63.7381,Kraft Heinz,KHC,Consumer Staples
371,2016-12-21,63.701,64.4868,63.6047,64.2051,Kraft Heinz,KHC,Consumer Staples
372,2016-12-22,64.0865,64.7092,63.9753,64.7018,Kraft Heinz,KHC,Consumer Staples
373,2016-12-23,64.5684,64.9538,64.4646,64.9168,Kraft Heinz,KHC,Consumer Staples
374,2016-12-27,64.9835,65.2948,64.7166,64.9242,Kraft Heinz,KHC,Consumer Staples
375,2016-12-28,64.8649,65.065,64.5165,64.724,Kraft Heinz,KHC,Consumer Staples
376,2016-12-29,64.7166,65.3467,64.7166,65.1836,Kraft Heinz,KHC,Consumer Staples
377,2016-12-30,65.2504,65.3542,64.5461,64.7314,Kraft Heinz,KHC,Consumer Staples
378,2017-01-03,65.1243,65.2133,64.0494,64.8871,Kraft Heinz,KHC,Consumer Staples
379,2017-01-04,64.8797,65.2133,64.4201,64.5165,Kraft Heinz,KHC,Consumer Staples
380,2017-01-05,64.4201,64.7166,63.8122,64.1458,Kraft Heinz,KHC,Consumer Staples
381,2017-01-06,64.1458,64.2198,63.6269,63.9827,Kraft Heinz,KHC,Consumer Staples
382,2017-01-09,63.9382,64.105,63.449,63.8048,Kraft Heinz,KHC,Consumer Staples
383,2017-01-10,63.6417,63.9753,63.3155,63.6862,Kraft Heinz,KHC,Consumer Staples
384,2017-01-11,63.8419,64.5239,63.7826,64.3163,Kraft Heinz,KHC,Consumer Staples
385,2017-01-12,64.3682,65.065,64.1236,64.8056,Kraft Heinz,KHC,Consumer Staples
386,2017-01-13,64.8056,64.813,64.181,64.5165,Kraft Heinz,KHC,Consumer Staples
387,2017-01-17,64.2792,65.217,64.2792,65.1762,Kraft Heinz,KHC,Consumer Staples
388,2017-01-18,65.0873,65.6729,65.0873,65.495,Kraft Heinz,KHC,Consumer Staples
389,2017-01-19,65.369,65.5543,64.902,65.1243,Kraft Heinz,KHC,Consumer Staples
390,2017-01-20,65.495,65.9769,65.243,65.9398,Kraft Heinz,KHC,Consumer Staples
391,2017-01-23,65.7248,65.9398,65.3838,65.8286,Kraft Heinz,KHC,Consumer Staples
392,2017-01-24,65.9101,66.1177,65.4728,65.747,Kraft Heinz,KHC,Consumer Staples
393,2017-01-25,65.925,66.177,65.5395,65.8582,Kraft Heinz,KHC,Consumer Staples
394,2017-01-26,66.3401,66.644,65.7656,66.2808,Kraft Heinz,KHC,Consumer Staples
395,2017-01-27,65.9472,66.5477,65.8138,66.2956,Kraft Heinz,KHC,Consumer Staples
396,2017-01-30,66.0436,66.3475,65.7026,66.0362,Kraft Heinz,KHC,Consumer Staples
397,2017-01-31,65.9027,66.392,65.8545,66.1918,Kraft Heinz,KHC,Consumer Staples
398,2017-02-01,65.8953,66.2252,65.4635,65.5395,Kraft Heinz,KHC,Consumer Staples
399,2017-02-02,65.6136,66.051,65.4728,65.6877,Kraft Heinz,KHC,Consumer Staples
400,2017-02-03,66.1325,66.2363,65.71,66.177,Kraft Heinz,KHC,Consumer Staples
401,2017-02-06,66.1992,66.2734,65.71,65.7545,Kraft Heinz,KHC,Consumer Staples
402,2017-02-07,65.7619,65.9917,65.6062,65.836,Kraft Heinz,KHC,Consumer Staples
403,2017-02-08,65.836,66.2067,65.8212,66.1177,Kraft Heinz,KHC,Consumer Staples
404,2017-02-09,66.177,67.0073,66.0065,66.5551,Kraft Heinz,KHC,Consumer Staples
405,2017-02-10,66.4216,67.1185,66.2289,66.8664,Kraft Heinz,KHC,Consumer Staples
406,2017-02-13,66.948,67.163,66.4921,67.1481,Kraft Heinz,KHC,Consumer Staples
407,2017-02-14,67.1407,67.5058,66.7923,67.3186,Kraft Heinz,KHC,Consumer Staples
408,2017-02-15,67.5559,67.6819,66.9109,67.5299,Kraft Heinz,KHC,Consumer Staples
409,2017-02-16,66.051,66.5996,64.0124,64.7018,Kraft Heinz,KHC,Consumer Staples
410,2017-02-17,68.2008,72.4782,68.0896,71.6479,Kraft Heinz,KHC,Consumer Staples
411,2017-02-21,68.0674,70.7806,67.7189,70.3284,Kraft Heinz,KHC,Consumer Staples
412,2017-02-22,70.3135,70.4247,68.9347,69.209,Kraft Heinz,KHC,Consumer Staples
413,2017-02-23,69.1571,69.4017,68.4603,68.8976,Kraft Heinz,KHC,Consumer Staples
414,2017-02-24,69.3202,69.5352,68.6233,69.0014,Kraft Heinz,KHC,Consumer Staples
415,2017-02-27,68.6456,68.8457,66.9628,67.1704,Kraft Heinz,KHC,Consumer Staples
416,2017-02-28,67.2223,68.186,66.9776,67.8376,Kraft Heinz,KHC,Consumer Staples
417,2017-03-01,68.4767,68.5812,67.641,68.223,Kraft Heinz,KHC,Consumer Staples
418,2017-03-02,68.2753,68.417,67.738,68.1111,Kraft Heinz,KHC,Consumer Staples
419,2017-03-03,68.0887,68.2753,67.7604,68.2753,Kraft Heinz,KHC,Consumer Staples
420,2017-03-06,67.9171,68.2827,67.7455,68.0216,Kraft Heinz,KHC,Consumer Staples
421,2017-03-07,67.7604,68.2305,67.6932,67.7529,Kraft Heinz,KHC,Consumer Staples
422,2017-03-08,67.6559,68.029,67.4843,67.8276,Kraft Heinz,KHC,Consumer Staples
423,2017-03-09,67.7306,68.3387,67.6186,68.2977,Kraft Heinz,KHC,Consumer Staples
424,2017-03-10,68.708,68.7163,68.0962,68.2827,Kraft Heinz,KHC,Consumer Staples
425,2017-03-13,68.1783,68.2753,67.9171,68.0365,Kraft Heinz,KHC,Consumer Staples
426,2017-03-14,68.0216,68.1633,67.6559,67.9469,Kraft Heinz,KHC,Consumer Staples
427,2017-03-15,68.3424,68.7528,67.9693,68.529,Kraft Heinz,KHC,Consumer Staples
428,2017-03-16,69.2005,69.596,68.7677,69.2229,Kraft Heinz,KHC,Consumer Staples
429,2017-03-17,69.8422,69.8945,68.514,68.6334,Kraft Heinz,KHC,Consumer Staples
430,2017-03-20,68.6707,69.3572,68.5663,68.917,Kraft Heinz,KHC,Consumer Staples
431,2017-03-21,68.8797,69.2304,68.3424,68.5737,Kraft Heinz,KHC,Consumer Staples
432,2017-03-22,68.8349,69.208,68.6782,68.8647,Kraft Heinz,KHC,Consumer Staples
433,2017-03-23,68.6857,69.2304,68.5737,68.6558,Kraft Heinz,KHC,Consumer Staples
434,2017-03-24,68.8274,68.9468,68.141,68.4096,Kraft Heinz,KHC,Consumer Staples
435,2017-03-27,68.2753,68.3424,67.9703,68.0887,Kraft Heinz,KHC,Consumer Staples
436,2017-03-28,67.738,68.3984,67.738,68.2081,Kraft Heinz,KHC,Consumer Staples
437,2017-03-29,68.0514,68.3499,67.9469,68.2678,Kraft Heinz,KHC,Consumer Staples
438,2017-03-30,68.223,68.4021,67.932,67.9768,Kraft Heinz,KHC,Consumer Staples
439,2017-03-31,67.8126,68.044,67.5813,67.7604,Kraft Heinz,KHC,Consumer Staples
440,2017-04-03,67.7529,68.1111,67.6261,67.9469,Kraft Heinz,KHC,Consumer Staples
441,2017-04-04,67.6783,68.0887,67.3575,68.0663,Kraft Heinz,KHC,Consumer Staples
442,2017-04-05,67.9768,68.9617,67.9246,68.2156,Kraft Heinz,KHC,Consumer Staples
443,2017-04-06,68.2678,68.4917,67.641,67.8649,Kraft Heinz,KHC,Consumer Staples
444,2017-04-07,68.029,68.2678,67.6559,67.6783,Kraft Heinz,KHC,Consumer Staples
445,2017-04-10,67.641,67.9022,67.2754,67.8201,Kraft Heinz,KHC,Consumer Staples
446,2017-04-11,67.8201,67.9544,67.4451,67.7753,Kraft Heinz,KHC,Consumer Staples
447,2017-04-12,67.9246,68.7528,67.9096,68.5961,Kraft Heinz,KHC,Consumer Staples
448,2017-04-13,68.6857,68.6857,68.2604,68.2753,Kraft Heinz,KHC,Consumer Staples
449,2017-04-17,68.4991,68.6185,67.9246,68.335,Kraft Heinz,KHC,Consumer Staples
450,2017-04-18,68.3051,69.1184,68.1484,69.0214,Kraft Heinz,KHC,Consumer Staples
451,2017-04-19,68.9692,68.9841,68.417,68.5364,Kraft Heinz,KHC,Consumer Staples
452,2017-04-20,68.7304,68.9468,68.3126,68.6782,Kraft Heinz,KHC,Consumer Staples
453,2017-04-21,68.7454,68.8274,68.32,68.3499,Kraft Heinz,KHC,Consumer Staples
454,2017-04-24,68.6558,69.2975,68.6558,69.0662,Kraft Heinz,KHC,Consumer Staples
455,2017-04-25,69.1259,69.3162,68.8573,68.8647,Kraft Heinz,KHC,Consumer Staples
456,2017-04-26,68.8871,68.8946,67.8126,67.8425,Kraft Heinz,KHC,Consumer Staples
457,2017-04-27,67.8425,68.2156,67.6485,67.7753,Kraft Heinz,KHC,Consumer Staples
458,2017-04-28,68.0514,68.0738,67.0291,67.447,Kraft Heinz,KHC,Consumer Staples
459,2017-05-01,67.641,67.7156,66.671,66.7605,Kraft Heinz,KHC,Consumer Staples
460,2017-05-02,66.8874,67.0291,66.2307,66.4098,Kraft Heinz,KHC,Consumer Staples
461,2017-05-03,67.3202,67.3202,66.3352,66.5143,Kraft Heinz,KHC,Consumer Staples
462,2017-05-04,65.6636,68.4991,65.0219,66.9321,Kraft Heinz,KHC,Consumer Staples
463,2017-05-05,67.0515,67.2306,66.5441,66.8799,Kraft Heinz,KHC,Consumer Staples
464,2017-05-08,66.8426,66.9844,66.4098,66.768,Kraft Heinz,KHC,Consumer Staples
465,2017-05-09,66.5814,66.8954,66.3128,66.5591,Kraft Heinz,KHC,Consumer Staples
466,2017-05-10,66.4919,66.7083,66.3651,66.6561,Kraft Heinz,KHC,Consumer Staples
467,2017-05-11,66.2606,66.7531,66.2606,66.6188,Kraft Heinz,KHC,Consumer Staples
468,2017-05-12,66.6635,66.7456,66.1636,66.3725,Kraft Heinz,KHC,Consumer Staples
469,2017-05-15,66.2307,66.7605,66.0815,66.7456,Kraft Heinz,KHC,Consumer Staples
470,2017-05-16,66.6038,67.0291,66.2979,66.4919,Kraft Heinz,KHC,Consumer Staples
471,2017-05-17,66.7874,67.7114,66.4869,67.2381,Kraft Heinz,KHC,Consumer Staples
472,2017-05-18,67.3432,68.1545,66.7874,67.7263,Kraft Heinz,KHC,Consumer Staples
473,2017-05-19,67.4184,68.0193,67.1554,67.8165,Kraft Heinz,KHC,Consumer Staples
474,2017-05-22,67.6888,68.6052,67.6362,68.4925,Kraft Heinz,KHC,Consumer Staples
475,2017-05-23,68.5151,69.1085,68.3648,69.0109,Kraft Heinz,KHC,Consumer Staples
476,2017-05-24,69.1085,69.6043,68.9433,69.5517,Kraft Heinz,KHC,Consumer Staples
477,2017-05-25,69.6268,69.8672,69.394,69.717,Kraft Heinz,KHC,Consumer Staples
478,2017-05-26,69.7846,69.9273,69.4991,69.8522,Kraft Heinz,KHC,Consumer Staples
479,2017-05-30,69.8146,69.8597,69.2494,69.4541,Kraft Heinz,KHC,Consumer Staples
480,2017-05-31,69.5818,69.8221,69.086,69.2588,Kraft Heinz,KHC,Consumer Staples
481,2017-06-01,69.3714,69.6644,68.6728,69.6569,Kraft Heinz,KHC,Consumer Staples
482,2017-06-02,69.8146,70.2728,69.394,70.2653,Kraft Heinz,KHC,Consumer Staples
483,2017-06-05,70.2954,70.3855,69.8973,70.1902,Kraft Heinz,KHC,Consumer Staples
484,2017-06-06,70.1977,70.5132,69.9198,70.0174,Kraft Heinz,KHC,Consumer Staples
485,2017-06-07,70.1977,70.5207,69.9649,70.4381,Kraft Heinz,KHC,Consumer Staples
486,2017-06-08,70.2052,70.363,69.4653,69.5367,Kraft Heinz,KHC,Consumer Staples
487,2017-06-09,69.4691,69.5142,67.9517,68.2296,Kraft Heinz,KHC,Consumer Staples
488,2017-06-12,68.0569,69.424,67.928,68.5451,Kraft Heinz,KHC,Consumer Staples
489,2017-06-13,68.117,68.8531,67.7339,68.8005,Kraft Heinz,KHC,Consumer Staples
490,2017-06-14,69.2212,69.4465,68.3498,68.7029,Kraft Heinz,KHC,Consumer Staples
491,2017-06-15,68.4775,68.9883,68.3648,68.8456,Kraft Heinz,KHC,Consumer Staples
492,2017-06-16,68.2597,68.5226,66.7874,67.163,Kraft Heinz,KHC,Consumer Staples
493,2017-06-19,67.5761,67.7864,66.87,67.4935,Kraft Heinz,KHC,Consumer Staples
494,2017-06-20,67.3508,67.435,66.9601,67.0653,Kraft Heinz,KHC,Consumer Staples
495,2017-06-21,67.0878,67.3789,66.9376,67.1554,Kraft Heinz,KHC,Consumer Staples
496,2017-06-22,67.208,67.4184,66.7761,66.9301,Kraft Heinz,KHC,Consumer Staples
497,2017-06-23,67.1554,67.1554,66.532,66.7423,Kraft Heinz,KHC,Consumer Staples
498,2017-06-26,67.2531,67.4033,66.7573,66.8099,Kraft Heinz,KHC,Consumer Staples
499,2017-06-27,66.6747,66.8174,65.7132,65.7357,Kraft Heinz,KHC,Consumer Staples
500,2017-06-28,66.1864,66.4719,65.5104,65.9686,Kraft Heinz,KHC,Consumer Staples
501,2017-06-29,65.8709,65.963,64.1883,64.4212,Kraft Heinz,KHC,Consumer Staples
502,2017-06-30,65.5029,65.5554,64.2258,64.331,Kraft Heinz,KHC,Consumer Staples
503,2017-07-03,64.5714,64.6766,63.392,63.4521,Kraft Heinz,KHC,Consumer Staples
504,2017-07-05,63.4446,63.67,62.8324,62.9413,Kraft Heinz,KHC,Consumer Staples
505,2017-07-06,62.5733,62.8061,62.0625,62.2127,Kraft Heinz,KHC,Consumer Staples
506,2017-07-07,62.0324,63.024,61.747,62.3779,Kraft Heinz,KHC,Consumer Staples
507,2017-07-10,62.6409,62.8963,62.1676,62.1751,Kraft Heinz,KHC,Consumer Staples
508,2017-07-11,61.747,63.0916,61.747,62.9113,Kraft Heinz,KHC,Consumer Staples
509,2017-07-12,63.347,63.9855,63.3169,63.6249,Kraft Heinz,KHC,Consumer Staples
510,2017-07-13,63.655,63.8803,63.3507,63.7376,Kraft Heinz,KHC,Consumer Staples
511,2017-07-14,64.0831,64.3761,63.7226,64.3385,Kraft Heinz,KHC,Consumer Staples
512,2017-07-17,64.3611,64.4136,63.9179,64.301,Kraft Heinz,KHC,Consumer Staples
513,2017-07-18,64.3686,64.4888,63.9804,64.301,Kraft Heinz,KHC,Consumer Staples
514,2017-07-19,64.3235,64.4888,64.008,64.3686,Kraft Heinz,KHC,Consumer Staples
515,2017-07-20,64.6766,64.6766,64.3498,64.5263,Kraft Heinz,KHC,Consumer Staples
516,2017-07-21,64.346,64.7442,64.1582,64.7216,Kraft Heinz,KHC,Consumer Staples
517,2017-07-24,64.6916,64.8343,64.301,64.7667,Kraft Heinz,KHC,Consumer Staples
518,2017-07-25,64.7817,65.8108,64.7104,65.6681,Kraft Heinz,KHC,Consumer Staples
519,2017-07-26,65.7282,67.8916,65.6607,65.8484,Kraft Heinz,KHC,Consumer Staples
520,2017-07-27,65.7507,66.2691,65.5855,66.2465,Kraft Heinz,KHC,Consumer Staples
521,2017-07-28,65.9536,66.1564,65.4052,65.8334,Kraft Heinz,KHC,Consumer Staples
522,2017-07-31,65.946,66.0963,65.3376,65.6982,Kraft Heinz,KHC,Consumer Staples
523,2017-08-01,65.6381,65.931,65.0146,65.1047,Kraft Heinz,KHC,Consumer Staples
524,2017-08-02,64.8193,65.4578,64.2108,65.255,Kraft Heinz,KHC,Consumer Staples
525,2017-08-03,65.2775,65.8026,64.8493,64.9845,Kraft Heinz,KHC,Consumer Staples
526,2017-08-04,65.7883,65.7883,64.5872,65.0972,Kraft Heinz,KHC,Consumer Staples
527,2017-08-07,65.0071,65.5254,64.7967,65.3676,Kraft Heinz,KHC,Consumer Staples
528,2017-08-08,65.0822,65.3376,64.6165,64.7216,Kraft Heinz,KHC,Consumer Staples
529,2017-08-09,64.6014,65.1573,64.2334,64.947,Kraft Heinz,KHC,Consumer Staples
530,2017-08-10,64.5413,64.9019,64.2859,64.5188,Kraft Heinz,KHC,Consumer Staples
531,2017-08-11,64.5263,65.0296,64.331,64.9545,Kraft Heinz,KHC,Consumer Staples
532,2017-08-14,65.1648,65.5705,64.977,65.3676,Kraft Heinz,KHC,Consumer Staples
533,2017-08-15,65.3902,65.5029,64.9782,65.1573,Kraft Heinz,KHC,Consumer Staples
534,2017-08-16,65.4087,65.5827,65.2801,65.4465,Kraft Heinz,KHC,Consumer Staples
535,2017-08-17,65.2725,65.6432,64.3721,64.3948,Kraft Heinz,KHC,Consumer Staples
536,2017-08-18,64.2511,64.5235,63.6761,63.9257,Kraft Heinz,KHC,Consumer Staples
537,2017-08-21,64.1073,64.1073,63.7441,63.9711,Kraft Heinz,KHC,Consumer Staples
538,2017-08-22,64.13,64.41,64.0468,64.3494,Kraft Heinz,KHC,Consumer Staples
539,2017-08-23,64.2738,64.4327,63.9182,64.1225,Kraft Heinz,KHC,Consumer Staples
540,2017-08-24,63.9333,64.0014,62.5638,62.6471,Kraft Heinz,KHC,Consumer Staples
541,2017-08-25,63.0102,63.0405,62.3823,62.4957,Kraft Heinz,KHC,Consumer Staples
542,2017-08-28,62.6319,62.7984,61.7581,62.1477,Kraft Heinz,KHC,Consumer Staples
543,2017-08-29,61.8753,62.125,61.3514,61.6181,Kraft Heinz,KHC,Consumer Staples
544,2017-08-30,61.6635,62.1855,61.4592,61.9888,Kraft Heinz,KHC,Consumer Staples
545,2017-08-31,61.3608,62.1174,60.748,61.096,Kraft Heinz,KHC,Consumer Staples
546,2017-09-01,61.096,61.3608,60.6042,61.1717,Kraft Heinz,KHC,Consumer Staples
547,2017-09-05,61.0733,61.6635,60.9447,61.3987,Kraft Heinz,KHC,Consumer Staples
548,2017-09-06,61.4592,61.5878,61.1566,61.5349,Kraft Heinz,KHC,Consumer Staples
549,2017-09-07,61.6256,61.8299,61.1566,61.6332,Kraft Heinz,KHC,Consumer Staples
550,2017-09-08,61.6256,62.0569,61.0279,61.8299,Kraft Heinz,KHC,Consumer Staples
551,2017-09-11,62.1174,62.4655,62.0115,62.4579,Kraft Heinz,KHC,Consumer Staples
552,2017-09-12,62.6622,62.7833,62.0872,62.178,Kraft Heinz,KHC,Consumer Staples
553,2017-09-13,62.2385,62.3066,61.7921,61.9737,Kraft Heinz,KHC,Consumer Staples
554,2017-09-14,62.0267,62.0418,61.2852,61.497,Kraft Heinz,KHC,Consumer Staples
555,2017-09-15,61.5349,61.951,60.922,61.6105,Kraft Heinz,KHC,Consumer Staples
556,2017-09-18,61.4668,61.7467,61.3154,61.5878,Kraft Heinz,KHC,Consumer Staples
557,2017-09-19,61.5122,61.603,60.9825,61.1566,Kraft Heinz,KHC,Consumer Staples
558,2017-09-20,60.8993,60.9523,59.8703,60.4302,Kraft Heinz,KHC,Consumer Staples
559,2017-09-21,60.521,60.8766,59.7266,59.7795,Kraft Heinz,KHC,Consumer Staples
560,2017-09-22,59.7795,59.9535,58.5614,58.6522,Kraft Heinz,KHC,Consumer Staples
561,2017-09-25,58.7127,59.3558,58.6144,59.3331,Kraft Heinz,KHC,Consumer Staples
562,2017-09-26,59.4693,59.7039,59.0381,59.4618,Kraft Heinz,KHC,Consumer Staples
563,2017-09-27,59.4996,59.6206,58.864,59.1894,Kraft Heinz,KHC,Consumer Staples
564,2017-09-28,59.2272,59.5828,58.8111,58.9927,Kraft Heinz,KHC,Consumer Staples
565,2017-09-29,59.0381,59.2189,58.5917,58.6749,Kraft Heinz,KHC,Consumer Staples
566,2017-10-02,58.6749,59.2196,58.1755,58.9019,Kraft Heinz,KHC,Consumer Staples
567,2017-10-03,58.9775,59.1213,58.4782,58.8792,Kraft Heinz,KHC,Consumer Staples
568,2017-10-04,58.4328,59.1288,58.0772,58.8413,Kraft Heinz,KHC,Consumer Staples
569,2017-10-05,58.9775,59.3823,58.7884,59.2045,Kraft Heinz,KHC,Consumer Staples
570,2017-10-06,59.6509,59.7266,59.004,59.1515,Kraft Heinz,KHC,Consumer Staples
571,2017-10-09,59.2348,59.4845,58.4063,58.5084,Kraft Heinz,KHC,Consumer Staples
572,2017-10-10,58.8262,59.2045,58.7581,59.1213,Kraft Heinz,KHC,Consumer Staples
573,2017-10-11,59.0608,59.5147,58.9548,59.1591,Kraft Heinz,KHC,Consumer Staples
574,2017-10-12,59.2802,59.5055,59.0456,59.1288,Kraft Heinz,KHC,Consumer Staples
575,2017-10-13,59.4315,59.4693,58.7581,58.8186,Kraft Heinz,KHC,Consumer Staples
576,2017-10-16,58.8565,59.0872,58.6219,58.7505,Kraft Heinz,KHC,Consumer Staples
577,2017-10-17,58.8111,59.0229,58.516,58.6673,Kraft Heinz,KHC,Consumer Staples
578,2017-10-18,58.569,58.6083,58.0091,58.3344,Kraft Heinz,KHC,Consumer Staples
579,2017-10-19,58.2587,58.3253,57.7367,57.8577,Kraft Heinz,KHC,Consumer Staples
580,2017-10-20,58.0847,58.3344,57.5929,58.0393,Kraft Heinz,KHC,Consumer Staples
581,2017-10-23,58.168,58.3344,57.8426,58.3041,Kraft Heinz,KHC,Consumer Staples
582,2017-10-24,58.3495,58.5765,58.2058,58.4252,Kraft Heinz,KHC,Consumer Staples
583,2017-10-25,58.0545,58.5765,57.6762,58.5084,Kraft Heinz,KHC,Consumer Staples
584,2017-10-26,58.7051,58.97,58.3722,58.4857,Kraft Heinz,KHC,Consumer Staples
585,2017-10-27,58.1226,58.6144,57.6799,58.4857,Kraft Heinz,KHC,Consumer Staples
586,2017-10-30,58.4101,58.4252,56.9044,56.9498,Kraft Heinz,KHC,Consumer Staples
587,2017-10-31,57.6383,58.5614,57.5173,58.5084,Kraft Heinz,KHC,Consumer Staples
588,2017-11-01,58.7959,58.9094,58.3193,58.7884,Kraft Heinz,KHC,Consumer Staples
589,2017-11-02,58.1377,59.1591,57.1314,59.0381,Kraft Heinz,KHC,Consumer Staples
590,2017-11-03,58.917,59.1591,58.69,59.0154,Kraft Heinz,KHC,Consumer Staples
591,2017-11-06,59.0834,59.1818,57.888,58.2587,Kraft Heinz,KHC,Consumer Staples
592,2017-11-07,58.2058,59.4996,57.8729,59.1515,Kraft Heinz,KHC,Consumer Staples
593,2017-11-08,59.4996,60.5967,59.1818,60.2108,Kraft Heinz,KHC,Consumer Staples
594,2017-11-09,59.9687,60.4831,59.7871,60.0822,Kraft Heinz,KHC,Consumer Staples
595,2017-11-10,59.7493,60.4378,59.7493,60.3167,Kraft Heinz,KHC,Consumer Staples
596,2017-11-13,60.2713,60.8085,60.2259,60.4151,Kraft Heinz,KHC,Consumer Staples
597,2017-11-14,60.1805,60.4378,59.7947,60.0595,Kraft Heinz,KHC,Consumer Staples
598,2017-11-15,60.1427,60.4453,59.4466,59.6055,Kraft Heinz,KHC,Consumer Staples
599,2017-11-16,60.0273,61.1254,59.8672,60.7593,Kraft Heinz,KHC,Consumer Staples
600,2017-11-17,60.7212,61.0567,60.4505,60.7212,Kraft Heinz,KHC,Consumer Staples
601,2017-11-20,60.7746,61.7354,60.7212,60.95,Kraft Heinz,KHC,Consumer Staples
602,2017-11-21,61.0949,61.2245,60.8203,61.011,Kraft Heinz,KHC,Consumer Staples
603,2017-11-22,61.0338,61.1559,60.6907,60.8661,Kraft Heinz,KHC,Consumer Staples
604,2017-11-24,61.194,61.2702,60.6526,60.8203,Kraft Heinz,KHC,Consumer Staples
605,2017-11-27,60.8203,61.0338,60.5839,60.706,Kraft Heinz,KHC,Consumer Staples
606,2017-11-28,60.7746,60.8966,60.0235,60.2256,Kraft Heinz,KHC,Consumer Staples
607,2017-11-29,60.2027,62.1929,60.1112,61.8345,Kraft Heinz,KHC,Consumer Staples
608,2017-11-30,62.1014,62.6657,61.3846,62.048,Kraft Heinz,KHC,Consumer Staples
609,2017-12-01,61.7278,62.2234,61.2245,61.926,Kraft Heinz,KHC,Consumer Staples
610,2017-12-04,62.0099,62.7496,61.8917,62.4674,Kraft Heinz,KHC,Consumer Staples
611,2017-12-05,62.5666,62.8945,61.3922,61.4914,Kraft Heinz,KHC,Consumer Staples
612,2017-12-06,61.5753,61.8726,61.1864,61.377,Kraft Heinz,KHC,Consumer Staples
613,2017-12-07,61.133,61.3846,60.4772,60.5153,Kraft Heinz,KHC,Consumer Staples
614,2017-12-08,60.6983,60.7788,59.4287,59.8443,Kraft Heinz,KHC,Consumer Staples
615,2017-12-11,59.6155,59.7757,58.8606,59.7604,Kraft Heinz,KHC,Consumer Staples
616,2017-12-12,59.7299,60.3094,59.5698,60.2027,Kraft Heinz,KHC,Consumer Staples
617,2017-12-13,60.4314,60.6983,60.0653,60.4543,Kraft Heinz,KHC,Consumer Staples
618,2017-12-14,60.4543,60.7746,60.1417,60.2256,Kraft Heinz,KHC,Consumer Staples
619,2017-12-15,60.8508,60.8737,60.2484,60.6526,Kraft Heinz,KHC,Consumer Staples
620,2017-12-18,60.9881,61.2779,60.4619,60.5229,Kraft Heinz,KHC,Consumer Staples
621,2017-12-19,60.6373,60.8661,59.7757,59.8748,Kraft Heinz,KHC,Consumer Staples
622,2017-12-20,60.0959,60.1569,58.9597,59.0055,Kraft Heinz,KHC,Consumer Staples
623,2017-12-21,59.3563,59.6079,58.7691,59.3868,Kraft Heinz,KHC,Consumer Staples
624,2017-12-22,59.585,59.9358,59.3868,59.6613,Kraft Heinz,KHC,Consumer Staples
625,2017-12-26,59.5698,59.8367,59.4783,59.5621,Kraft Heinz,KHC,Consumer Staples
626,2017-12-27,59.6613,59.9358,59.4401,59.463,Kraft Heinz,KHC,Consumer Staples
627,2017-12-28,59.646,59.6994,59.2648,59.4173,Kraft Heinz,KHC,Consumer Staples
628,2017-12-29,59.2495,59.9968,59.2419,59.2953,Kraft Heinz,KHC,Consumer Staples
629,2018-01-02,59.646,59.7147,58.6242,58.731,Kraft Heinz,KHC,Consumer Staples
630,2018-01-03,58.9674,59.1656,58.6395,58.7233,Kraft Heinz,KHC,Consumer Staples
631,2018-01-04,58.8911,59.646,58.7615,59.4096,Kraft Heinz,KHC,Consumer Staples
632,2018-01-05,59.5088,59.7299,58.8911,59.3563,Kraft Heinz,KHC,Consumer Staples
633,2018-01-08,59.341,59.9205,59.341,59.8443,Kraft Heinz,KHC,Consumer Staples
634,2018-01-09,59.89,60.0273,59.5164,59.951,Kraft Heinz,KHC,Consumer Staples
635,2018-01-10,59.9739,59.9739,59.0207,59.3944,Kraft Heinz,KHC,Consumer Staples
636,2018-01-11,59.4935,59.6308,58.731,58.8149,Kraft Heinz,KHC,Consumer Staples
637,2018-01-12,58.9826,59.1504,58.4107,58.9826,Kraft Heinz,KHC,Consumer Staples
638,2018-01-16,59.4554,60.1801,59.1427,59.9663,Kraft Heinz,KHC,Consumer Staples
639,2018-01-17,60.3247,61.5143,60.0807,61.0567,Kraft Heinz,KHC,Consumer Staples
640,2018-01-18,61.1254,61.4609,60.2561,60.4467,Kraft Heinz,KHC,Consumer Staples
641,2018-01-19,60.645,60.9728,60.3171,60.7441,Kraft Heinz,KHC,Consumer Staples
642,2018-01-22,60.8661,61.3465,60.8203,61.133,Kraft Heinz,KHC,Consumer Staples
643,2018-01-23,60.8203,61.4075,60.6678,61.2092,Kraft Heinz,KHC,Consumer Staples
644,2018-01-24,61.3846,61.4532,60.7822,60.8966,Kraft Heinz,KHC,Consumer Staples
645,2018-01-25,61.0033,61.3427,60.5321,60.7517,Kraft Heinz,KHC,Consumer Staples
646,2018-01-26,60.9271,61.0033,59.7833,60.5382,Kraft Heinz,KHC,Consumer Staples
647,2018-01-29,60.3704,60.9118,59.7757,59.7985,Kraft Heinz,KHC,Consumer Staples
648,2018-01-30,59.9663,60.7441,59.8062,59.8595,Kraft Heinz,KHC,Consumer Staples
649,2018-01-31,59.951,60.1493,59.3639,59.7757,Kraft Heinz,KHC,Consumer Staples
650,2018-02-01,59.5698,60.2027,59.1732,59.9129,Kraft Heinz,KHC,Consumer Staples
651,2018-02-02,59.5698,59.7375,58.4488,58.8606,Kraft Heinz,KHC,Consumer Staples
652,2018-02-05,58.9369,59.4314,56.5615,56.6264,Kraft Heinz,KHC,Consumer Staples
653,2018-02-06,56.3061,56.6721,54.9411,56.6645,Kraft Heinz,KHC,Consumer Staples
654,2018-02-07,56.3061,56.9695,56.0621,56.085,Kraft Heinz,KHC,Consumer Staples
655,2018-02-08,56.1231,56.4586,54.3311,54.5827,Kraft Heinz,KHC,Consumer Staples
656,2018-02-09,54.903,55.4063,53.5649,54.4302,Kraft Heinz,KHC,Consumer Staples
657,2018-02-12,54.537,55.3834,54.4836,54.7581,Kraft Heinz,KHC,Consumer Staples
658,2018-02-13,54.537,54.8954,53.8964,54.6819,Kraft Heinz,KHC,Consumer Staples
659,2018-02-14,54.3997,54.9335,53.9117,54.842,Kraft Heinz,KHC,Consumer Staples
660,2018-02-15,55.0479,55.4978,53.8736,55.4444,Kraft Heinz,KHC,Consumer Staples
661,2018-02-16,53.3322,54.3311,51.586,53.988,Kraft Heinz,KHC,Consumer Staples
662,2018-02-20,53.9727,53.988,51.8681,52.379,Kraft Heinz,KHC,Consumer Staples
663,2018-02-21,52.5544,52.562,51.4258,51.4487,Kraft Heinz,KHC,Consumer Staples
664,2018-02-22,51.3801,52.0427,51.1284,51.5783,Kraft Heinz,KHC,Consumer Staples
665,2018-02-23,51.8223,52.6993,51.3572,52.6306,Kraft Heinz,KHC,Consumer Staples
666,2018-02-26,53.0729,53.3779,52.2799,53.1797,Kraft Heinz,KHC,Consumer Staples
667,2018-02-27,53.0805,53.3894,51.7461,51.7537,Kraft Heinz,KHC,Consumer Staples
668,2018-02-28,52.0587,52.3027,51.1132,51.1284,Kraft Heinz,KHC,Consumer Staples
669,2018-03-01,51.1971,51.8445,50.6023,51.0064,Kraft Heinz,KHC,Consumer Staples
670,2018-03-02,51.1056,51.5555,50.7243,51.2199,Kraft Heinz,KHC,Consumer Staples
671,2018-03-05,50.8768,51.647,50.8768,51.4182,Kraft Heinz,KHC,Consumer Staples
672,2018-03-06,51.6241,51.7537,51.2657,51.6775,Kraft Heinz,KHC,Consumer Staples
673,2018-03-07,51.3572,51.5402,50.8844,51.4411,Kraft Heinz,KHC,Consumer Staples
674,2018-03-08,51.6978,51.844,51.1552,51.5593,Kraft Heinz,KHC,Consumer Staples
675,2018-03-09,51.7209,52.0288,51.2052,51.744,Kraft Heinz,KHC,Consumer Staples
676,2018-03-12,51.7671,52.252,51.6439,52.1057,Kraft Heinz,KHC,Consumer Staples
677,2018-03-13,52.2135,52.2981,51.6901,51.8517,Kraft Heinz,KHC,Consumer Staples
678,2018-03-14,52.0365,52.2674,50.9666,51.2437,Kraft Heinz,KHC,Consumer Staples
679,2018-03-15,51.1052,51.313,50.116,50.3817,Kraft Heinz,KHC,Consumer Staples
680,2018-03-16,50.374,50.6742,49.9815,50.3047,Kraft Heinz,KHC,Consumer Staples
681,2018-03-19,50.1662,50.3047,48.9347,49.2195,Kraft Heinz,KHC,Consumer Staples
682,2018-03-20,49.2811,49.4196,48.3498,48.6269,Kraft Heinz,KHC,Consumer Staples
683,2018-03-21,48.1266,48.3036,47.5263,47.711,Kraft Heinz,KHC,Consumer Staples
684,2018-03-22,47.5109,47.6879,46.5565,46.5873,Kraft Heinz,KHC,Consumer Staples
685,2018-03-23,46.7412,47.4546,46.1409,46.2025,Kraft Heinz,KHC,Consumer Staples
686,2018-03-26,46.8567,47.5109,46.5873,47.4493,Kraft Heinz,KHC,Consumer Staples
687,2018-03-27,47.5186,47.7033,46.4795,46.7181,Kraft Heinz,KHC,Consumer Staples
688,2018-03-28,46.8259,47.6879,46.7574,47.2338,Kraft Heinz,KHC,Consumer Staples
689,2018-03-29,47.5571,48.1959,47.4761,47.9419,Kraft Heinz,KHC,Consumer Staples
690,2018-04-02,47.6725,47.7187,46.0177,46.2255,Kraft Heinz,KHC,Consumer Staples
691,2018-04-03,46.6566,46.6873,45.7791,46.3641,Kraft Heinz,KHC,Consumer Staples
692,2018-04-04,46.0177,47.5825,45.9686,47.2415,Kraft Heinz,KHC,Consumer Staples
693,2018-04-05,47.4878,47.6417,46.9105,47.1876,Kraft Heinz,KHC,Consumer Staples
694,2018-04-06,47.0183,47.7033,46.3025,46.595,Kraft Heinz,KHC,Consumer Staples
695,2018-04-09,46.8644,47.2569,46.4411,46.6796,Kraft Heinz,KHC,Consumer Staples
696,2018-04-10,47.4493,47.5801,46.6566,47.1414,Kraft Heinz,KHC,Consumer Staples
697,2018-04-11,46.8336,47.5878,46.7797,47.3646,Kraft Heinz,KHC,Consumer Staples
698,2018-04-12,47.3569,47.4919,46.7797,46.9028,Kraft Heinz,KHC,Consumer Staples
699,2018-04-13,47.0029,47.0491,46.5565,46.8875,Kraft Heinz,KHC,Consumer Staples
700,2018-04-16,46.1948,47.1876,46.1178,47.0953,Kraft Heinz,KHC,Consumer Staples
701,2018-04-17,47.4801,47.5724,47.0183,47.4801,Kraft Heinz,KHC,Consumer Staples
702,2018-04-18,47.457,47.5648,46.4487,46.7874,Kraft Heinz,KHC,Consumer Staples
703,2018-04-19,46.7566,46.8644,45.8946,45.9716,Kraft Heinz,KHC,Consumer Staples
704,2018-04-20,46.0639,46.301,44.2937,44.8094,Kraft Heinz,KHC,Consumer Staples
705,2018-04-23,44.6401,44.7863,44.186,44.3938,Kraft Heinz,KHC,Consumer Staples
706,2018-04-24,44.6016,44.6401,43.1854,43.5087,Kraft Heinz,KHC,Consumer Staples
707,2018-04-25,43.501,44.1783,43.3239,43.755,Kraft Heinz,KHC,Consumer Staples
708,2018-04-26,43.8935,44.2288,43.4933,44.1244,Kraft Heinz,KHC,Consumer Staples
709,2018-04-27,44.2014,44.8402,44.1475,44.3784,Kraft Heinz,KHC,Consumer Staples
710,2018-04-30,44.5631,44.7632,43.3778,43.3932,Kraft Heinz,KHC,Consumer Staples
711,2018-05-01,43.347,43.4394,42.562,42.8698,Kraft Heinz,KHC,Consumer Staples
712,2018-05-02,43.0084,43.0623,41.6461,41.7154,Kraft Heinz,KHC,Consumer Staples
713,2018-05-03,43.3086,43.4086,42.2849,42.2926,Kraft Heinz,KHC,Consumer Staples
714,2018-05-04,42.3311,44.9864,42.0925,44.6478,Kraft Heinz,KHC,Consumer Staples
715,2018-05-07,45.0249,45.5983,44.7863,45.2789,Kraft Heinz,KHC,Consumer Staples
716,2018-05-08,45.1711,45.5098,44.3476,45.225,Kraft Heinz,KHC,Consumer Staples
717,2018-05-09,45.3633,45.656,44.7093,45.0095,Kraft Heinz,KHC,Consumer Staples
718,2018-05-10,45.2173,45.6791,45.0634,45.4405,Kraft Heinz,KHC,Consumer Staples
719,2018-05-11,45.3866,46.0716,45.3866,45.5944,Kraft Heinz,KHC,Consumer Staples
720,2018-05-14,45.6945,45.8715,45.3481,45.6252,Kraft Heinz,KHC,Consumer Staples
721,2018-05-15,45.5329,45.7868,45.1172,45.4405,Kraft Heinz,KHC,Consumer Staples
722,2018-05-16,45.4559,45.656,45.048,45.6329,Kraft Heinz,KHC,Consumer Staples
723,2018-05-17,45.6807,45.7741,44.9028,45.1673,Kraft Heinz,KHC,Consumer Staples
724,2018-05-18,44.8172,44.8561,43.3428,44.1793,Kraft Heinz,KHC,Consumer Staples
725,2018-05-21,44.3427,44.6149,43.7222,43.9148,Kraft Heinz,KHC,Consumer Staples
726,2018-05-22,44.0159,44.5417,43.7281,44.0159,Kraft Heinz,KHC,Consumer Staples
727,2018-05-23,43.7981,44.4049,43.7981,44.3271,Kraft Heinz,KHC,Consumer Staples
728,2018-05-24,44.3427,44.4671,43.8603,44.3893,Kraft Heinz,KHC,Consumer Staples
729,2018-05-25,44.436,45.2139,44.4204,44.9417,Kraft Heinz,KHC,Consumer Staples
730,2018-05-29,44.7861,45.0117,44.296,44.6538,Kraft Heinz,KHC,Consumer Staples
731,2018-05-30,44.8483,45.9452,44.6849,45.7741,Kraft Heinz,KHC,Consumer Staples
732,2018-05-31,45.7352,45.8519,44.4593,44.7161,Kraft Heinz,KHC,Consumer Staples
733,2018-06-01,44.8405,45.2606,44.5605,44.8483,Kraft Heinz,KHC,Consumer Staples
734,2018-06-04,45.0039,45.634,44.9261,45.4473,Kraft Heinz,KHC,Consumer Staples
735,2018-06-05,45.7274,45.7364,44.8619,45.0584,Kraft Heinz,KHC,Consumer Staples
736,2018-06-06,45.1906,45.1906,44.3504,45.0584,Kraft Heinz,KHC,Consumer Staples
737,2018-06-07,44.7394,45.2451,44.3971,44.8639,Kraft Heinz,KHC,Consumer Staples
738,2018-06-08,44.9572,45.5796,44.8639,45.4862,Kraft Heinz,KHC,Consumer Staples
739,2018-06-11,45.5874,46.7854,45.5718,46.5831,Kraft Heinz,KHC,Consumer Staples
740,2018-06-12,46.8554,47.1821,46.1241,46.7698,Kraft Heinz,KHC,Consumer Staples
741,2018-06-13,46.9565,47.2055,46.4042,46.7543,Kraft Heinz,KHC,Consumer Staples
742,2018-06-14,46.9799,47.4622,46.6298,47.1977,Kraft Heinz,KHC,Consumer Staples
743,2018-06-15,47.3066,47.9523,46.9799,47.929,Kraft Heinz,KHC,Consumer Staples
744,2018-06-18,47.7889,48.738,47.0421,47.3533,Kraft Heinz,KHC,Consumer Staples
745,2018-06-19,47.1355,48.4424,47.0654,48.3413,Kraft Heinz,KHC,Consumer Staples
746,2018-06-20,48.4424,49.2748,48.2324,49.0414,Kraft Heinz,KHC,Consumer Staples
747,2018-06-21,49.0492,49.1659,48.4268,48.6758,Kraft Heinz,KHC,Consumer Staples
748,2018-06-22,48.8625,49.3604,48.7458,49.1737,Kraft Heinz,KHC,Consumer Staples
749,2018-06-25,48.8936,50.2083,48.8703,49.2592,Kraft Heinz,KHC,Consumer Staples
750,2018-06-26,49.4615,49.4848,48.5046,49.1737,Kraft Heinz,KHC,Consumer Staples
751,2018-06-27,49.0025,49.6443,48.6291,48.7691,Kraft Heinz,KHC,Consumer Staples
752,2018-06-28,48.8858,49.2592,48.6252,48.738,Kraft Heinz,KHC,Consumer Staples
753,2018-06-29,48.9403,49.1892,48.3335,48.8703,Kraft Heinz,KHC,Consumer Staples
754,2018-07-02,48.6213,48.6913,47.8589,48.3024,Kraft Heinz,KHC,Consumer Staples
755,2018-07-03,48.4891,49.1114,48.4891,48.7302,Kraft Heinz,KHC,Consumer Staples
756,2018-07-05,49.2281,49.7882,48.7302,49.7493,Kraft Heinz,KHC,Consumer Staples
757,2018-07-06,49.7882,50.2706,49.5315,50.1228,Kraft Heinz,KHC,Consumer Staples
758,2018-07-09,50.2939,50.3717,49.4926,49.7649,Kraft Heinz,KHC,Consumer Staples
759,2018-07-10,50.0527,50.0527,49.2669,49.7882,Kraft Heinz,KHC,Consumer Staples
760,2018-07-11,49.7182,50.0061,49.4071,49.586,Kraft Heinz,KHC,Consumer Staples
761,2018-07-12,49.7338,49.8271,49.2359,49.5082,Kraft Heinz,KHC,Consumer Staples
762,2018-07-13,49.5082,50.2472,49.3993,49.6716,Kraft Heinz,KHC,Consumer Staples
763,2018-07-16,49.7027,49.7805,48.6913,48.7302,Kraft Heinz,KHC,Consumer Staples
764,2018-07-17,48.7302,49.3059,48.6602,49.0492,Kraft Heinz,KHC,Consumer Staples
765,2018-07-18,49.0492,49.1503,47.8745,47.9134,Kraft Heinz,KHC,Consumer Staples
766,2018-07-19,47.6956,48.2401,47.3611,47.7189,Kraft Heinz,KHC,Consumer Staples
767,2018-07-20,47.6645,47.75,47.1043,47.2133,Kraft Heinz,KHC,Consumer Staples
768,2018-07-23,46.9877,47.3688,46.7854,46.9099,Kraft Heinz,KHC,Consumer Staples
769,2018-07-24,46.9099,47.0421,46.0152,46.4198,Kraft Heinz,KHC,Consumer Staples
770,2018-07-25,46.4509,46.8009,45.8519,46.552,Kraft Heinz,KHC,Consumer Staples
771,2018-07-26,47.2366,47.999,46.8554,47.0499,Kraft Heinz,KHC,Consumer Staples
772,2018-07-27,47.1432,47.4927,46.5884,46.8787,Kraft Heinz,KHC,Consumer Staples
773,2018-07-30,46.7543,47.1588,46.5364,46.8943,Kraft Heinz,KHC,Consumer Staples
774,2018-07-31,47.151,47.5867,46.6843,46.871,Kraft Heinz,KHC,Consumer Staples
775,2018-08-01,46.6765,46.7543,46.093,46.1164,Kraft Heinz,KHC,Consumer Staples
776,2018-08-02,45.9763,46.4042,45.3093,46.2097,Kraft Heinz,KHC,Consumer Staples
777,2018-08-03,47.4544,50.5584,46.9721,50.1617,Kraft Heinz,KHC,Consumer Staples
778,2018-08-06,49.6716,49.8816,48.3491,48.4657,Kraft Heinz,KHC,Consumer Staples
779,2018-08-07,48.6213,48.6524,47.5128,47.7034,Kraft Heinz,KHC,Consumer Staples
780,2018-08-08,46.7387,47.3377,46.2875,46.8943,Kraft Heinz,KHC,Consumer Staples
781,2018-08-09,47.0032,47.1588,46.4275,46.6765,Kraft Heinz,KHC,Consumer Staples
782,2018-08-10,46.4898,46.6765,45.9763,46.4042,Kraft Heinz,KHC,Consumer Staples
783,2018-08-13,46.2719,46.4509,45.7663,46.1164,Kraft Heinz,KHC,Consumer Staples
784,2018-08-14,46.2875,46.7232,46.2331,46.3031,Kraft Heinz,KHC,Consumer Staples
785,2018-08-15,46.3342,46.3497,45.883,45.9686,Kraft Heinz,KHC,Consumer Staples
786,2018-08-16,46.3528,47.2804,46.2428,47.186,Kraft Heinz,KHC,Consumer Staples
787,2018-08-17,47.3983,48.1922,46.9817,47.9642,Kraft Heinz,KHC,Consumer Staples
788,2018-08-20,47.9721,48.4843,47.6419,47.6655,Kraft Heinz,KHC,Consumer Staples
789,2018-08-21,47.752,47.752,46.8402,47.0367,Kraft Heinz,KHC,Consumer Staples
790,2018-08-22,47.1467,47.2411,46.6437,46.8087,Kraft Heinz,KHC,Consumer Staples
791,2018-08-23,46.5808,46.7616,46.1799,46.2192,Kraft Heinz,KHC,Consumer Staples
792,2018-08-24,46.3135,46.7065,46.1878,46.4,Kraft Heinz,KHC,Consumer Staples
793,2018-08-27,46.6515,47.0603,46.5179,46.8245,Kraft Heinz,KHC,Consumer Staples
794,2018-08-28,46.7773,47.0603,46.2113,46.2113,Kraft Heinz,KHC,Consumer Staples
795,2018-08-29,46.2978,46.6672,46.0306,46.6122,Kraft Heinz,KHC,Consumer Staples
796,2018-08-30,46.4786,46.8245,45.7201,45.7633,Kraft Heinz,KHC,Consumer Staples
797,2018-08-31,45.8694,46.0384,45.2995,45.8026,Kraft Heinz,KHC,Consumer Staples
798,2018-09-04,45.9441,46.0777,44.4506,44.5371,Kraft Heinz,KHC,Consumer Staples
799,2018-09-05,44.5292,45.3656,44.2462,44.8043,Kraft Heinz,KHC,Consumer Staples
800,2018-09-06,44.8358,45.0008,44.0654,44.6471,Kraft Heinz,KHC,Consumer Staples
801,2018-09-07,44.5607,44.5842,44.1519,44.482,Kraft Heinz,KHC,Consumer Staples
802,2018-09-10,44.7257,45.1815,44.655,44.993,Kraft Heinz,KHC,Consumer Staples
803,2018-09-11,45.0794,45.4843,44.5607,45.4017,Kraft Heinz,KHC,Consumer Staples
804,2018-09-12,45.7712,46.793,45.4332,46.4707,Kraft Heinz,KHC,Consumer Staples
805,2018-09-13,46.5729,47.0917,46.2978,46.7616,Kraft Heinz,KHC,Consumer Staples
806,2018-09-14,46.6122,46.6585,46.062,46.3528,Kraft Heinz,KHC,Consumer Staples
807,2018-09-17,45.6061,45.9755,45.3546,45.8655,Kraft Heinz,KHC,Consumer Staples
808,2018-09-18,45.4725,45.6297,44.317,44.8829,Kraft Heinz,KHC,Consumer Staples
809,2018-09-19,45.0559,45.158,44.6628,44.7179,Kraft Heinz,KHC,Consumer Staples
810,2018-09-20,45.0244,45.5467,44.9773,45.2524,Kraft Heinz,KHC,Consumer Staples
811,2018-09-21,45.5353,45.5432,44.8436,44.8987,Kraft Heinz,KHC,Consumer Staples
812,2018-09-24,44.8043,45.0401,44.203,44.427,Kraft Heinz,KHC,Consumer Staples
813,2018-09-25,44.5292,44.6809,43.7039,43.751,Kraft Heinz,KHC,Consumer Staples
814,2018-09-26,43.9475,43.9554,43.2873,43.3659,Kraft Heinz,KHC,Consumer Staples
815,2018-09-27,43.3187,43.8414,42.6977,43.2637,Kraft Heinz,KHC,Consumer Staples
816,2018-09-28,43.2165,43.5781,42.7606,43.3187,Kraft Heinz,KHC,Consumer Staples
817,2018-10-01,43.6174,43.9672,43.4091,43.6567,Kraft Heinz,KHC,Consumer Staples
818,2018-10-02,43.6803,44.2462,43.5938,43.9633,Kraft Heinz,KHC,Consumer Staples
819,2018-10-03,44.0733,44.4113,43.5309,43.7039,Kraft Heinz,KHC,Consumer Staples
820,2018-10-04,43.586,43.924,43.3423,43.641,Kraft Heinz,KHC,Consumer Staples
821,2018-10-05,43.7825,44.0497,43.413,43.9318,Kraft Heinz,KHC,Consumer Staples
822,2018-10-08,43.9004,45.048,43.9004,44.8515,Kraft Heinz,KHC,Consumer Staples
823,2018-10-09,45.0401,45.1816,43.696,44.0733,Kraft Heinz,KHC,Consumer Staples
824,2018-10-10,43.8689,44.8279,43.8061,43.8139,Kraft Heinz,KHC,Consumer Staples
825,2018-10-11,43.9947,44.1991,42.1082,42.3047,Kraft Heinz,KHC,Consumer Staples
826,2018-10-12,42.399,42.7842,41.6837,42.6349,Kraft Heinz,KHC,Consumer Staples
827,2018-10-15,42.4855,43.2008,42.4855,42.8156,Kraft Heinz,KHC,Consumer Staples
828,2018-10-16,43.0043,43.751,42.8314,43.5781,Kraft Heinz,KHC,Consumer Staples
829,2018-10-17,43.5545,44.82,43.4681,44.3327,Kraft Heinz,KHC,Consumer Staples
830,2018-10-18,44.3406,44.7414,43.5702,43.6567,Kraft Heinz,KHC,Consumer Staples
831,2018-10-19,44.1362,45.3978,44.0969,45.2445,Kraft Heinz,KHC,Consumer Staples
832,2018-10-22,45.3231,45.6533,44.089,44.1834,Kraft Heinz,KHC,Consumer Staples
833,2018-10-23,44.1755,44.6947,43.6488,44.4899,Kraft Heinz,KHC,Consumer Staples
834,2018-10-24,44.3484,45.103,43.7864,43.8454,Kraft Heinz,KHC,Consumer Staples
835,2018-10-25,43.8296,44.4427,43.4995,44.0026,Kraft Heinz,KHC,Consumer Staples
836,2018-10-26,43.6331,43.6881,42.682,42.9571,Kraft Heinz,KHC,Consumer Staples
837,2018-10-29,43.3659,44.1048,43.0122,43.641,Kraft Heinz,KHC,Consumer Staples
838,2018-10-30,43.7196,44.3563,43.4916,43.9004,Kraft Heinz,KHC,Consumer Staples
839,2018-10-31,43.6253,43.6606,42.2654,43.2087,Kraft Heinz,KHC,Consumer Staples
840,2018-11-01,43.3344,44.4113,42.9257,44.1755,Kraft Heinz,KHC,Consumer Staples
841,2018-11-02,41.0706,41.2829,39.6251,39.8759,Kraft Heinz,KHC,Consumer Staples
842,2018-11-05,40.1431,41.6602,40.1195,41.1807,Kraft Heinz,KHC,Consumer Staples
843,2018-11-06,41.4794,42.2261,41.2121,42.0217,Kraft Heinz,KHC,Consumer Staples
844,2018-11-07,42.3283,42.4698,41.5816,42.0925,Kraft Heinz,KHC,Consumer Staples
845,2018-11-08,41.8567,42.1318,41.613,41.9038,Kraft Heinz,KHC,Consumer Staples
846,2018-11-09,41.9431,42.5602,41.7152,42.4383,Kraft Heinz,KHC,Consumer Staples
847,2018-11-12,42.4698,43.1301,42.061,42.1868,Kraft Heinz,KHC,Consumer Staples
848,2018-11-13,42.2497,42.6584,41.6444,41.9589,Kraft Heinz,KHC,Consumer Staples
849,2018-11-14,41.9982,42.1003,41.0077,41.3772,Kraft Heinz,KHC,Consumer Staples
850,2018-11-15,41.3655,41.5803,40.928,41.3575,Kraft Heinz,KHC,Consumer Staples
851,2018-11-16,41.3734,42.0814,41.1825,41.4291,Kraft Heinz,KHC,Consumer Staples
852,2018-11-19,41.3416,41.9542,41.1507,41.278,Kraft Heinz,KHC,Consumer Staples
853,2018-11-20,41.4053,41.6558,40.3393,40.5223,Kraft Heinz,KHC,Consumer Staples
854,2018-11-21,40.5939,40.9518,40.3473,40.6973,Kraft Heinz,KHC,Consumer Staples
855,2018-11-23,40.5939,40.9677,40.4348,40.6018,Kraft Heinz,KHC,Consumer Staples
856,2018-11-26,41.0155,41.1428,40.5302,40.6257,Kraft Heinz,KHC,Consumer Staples
857,2018-11-27,40.5143,41.2501,40.2399,41.2064,Kraft Heinz,KHC,Consumer Staples
858,2018-11-28,40.8246,40.8962,40.2677,40.7132,Kraft Heinz,KHC,Consumer Staples
859,2018-11-29,40.5382,41.091,40.4348,40.7211,Kraft Heinz,KHC,Consumer Staples
860,2018-11-30,40.6575,40.8007,40.395,40.6655,Kraft Heinz,KHC,Consumer Staples
861,2018-12-03,40.8882,41.095,40.4745,40.9041,Kraft Heinz,KHC,Consumer Staples
862,2018-12-04,40.8882,41.1189,39.6631,39.7586,Kraft Heinz,KHC,Consumer Staples
863,2018-12-06,39.7745,39.9575,38.5972,39.3927,Kraft Heinz,KHC,Consumer Staples
864,2018-12-07,39.2972,39.7304,38.5932,38.7483,Kraft Heinz,KHC,Consumer Staples
865,2018-12-10,38.8677,38.979,37.5392,38.3983,Kraft Heinz,KHC,Consumer Staples
866,2018-12-11,38.7483,39.2256,38.2869,38.4858,Kraft Heinz,KHC,Consumer Staples
867,2018-12-12,38.9392,39.1145,38.3665,38.3904,Kraft Heinz,KHC,Consumer Staples
868,2018-12-13,38.4779,38.6866,38.1835,38.5574,Kraft Heinz,KHC,Consumer Staples
869,2018-12-14,38.4699,38.5415,37.6858,37.754,Kraft Heinz,KHC,Consumer Staples
870,2018-12-17,37.7858,38.1718,36.8869,37.2449,Kraft Heinz,KHC,Consumer Staples
871,2018-12-18,37.3721,37.579,36.4971,36.7119,Kraft Heinz,KHC,Consumer Staples
872,2018-12-19,36.9903,37.2926,35.6936,35.8687,Kraft Heinz,KHC,Consumer Staples
873,2018-12-20,35.8607,36.1789,35.3357,35.6777,Kraft Heinz,KHC,Consumer Staples
874,2018-12-21,35.8368,36.513,34.9589,35.0413,Kraft Heinz,KHC,Consumer Staples
875,2018-12-24,35.0493,35.1766,33.7606,33.8402,Kraft Heinz,KHC,Consumer Staples
876,2018-12-26,33.9356,34.4368,33.0924,34.4368,Kraft Heinz,KHC,Consumer Staples
877,2018-12-27,34.3811,34.8345,33.6333,34.8107,Kraft Heinz,KHC,Consumer Staples
878,2018-12-28,34.9141,35.4391,34.5163,34.6595,Kraft Heinz,KHC,Consumer Staples
879,2018-12-31,34.1345,34.5402,33.6811,34.2379,Kraft Heinz,KHC,Consumer Staples
