,DATE,OPEN,HIGH,LOW,CLOSE,NAME,TICKER,SECTOR
0,2015-07-20,41.46,42.55,39.8,40.47,PayPal,PYPL,Financials
1,2015-07-21,41.08,41.11,39.12,39.35,PayPal,PYPL,Financials
2,2015-07-22,39.35,39.7178,38.1,38.39,PayPal,PYPL,Financials
3,2015-07-23,38.74,38.75,36.93,37.01,PayPal,PYPL,Financials
4,2015-07-24,37.71,38.0,36.91,37.0,PayPal,PYPL,Financials
5,2015-07-27,36.78,37.38,36.22,36.39,PayPal,PYPL,Financials
6,2015-07-28,37.19,38.0,36.8296,37.6,PayPal,PYPL,Financials
7,2015-07-29,38.03,38.1,37.62,37.95,PayPal,PYPL,Financials
8,2015-07-30,38.04,39.01,37.715,38.45,PayPal,PYPL,Financials
9,2015-07-31,39.14,39.2,38.2199,38.7,PayPal,PYPL,Financials
10,2015-08-03,39.25,39.88,38.9,39.39,PayPal,PYPL,Financials
11,2015-08-04,39.91,39.91,38.43,38.95,PayPal,PYPL,Financials
12,2015-08-05,39.7,39.88,39.17,39.27,PayPal,PYPL,Financials
13,2015-08-06,39.63,39.74,38.55,38.85,PayPal,PYPL,Financials
14,2015-08-07,39.04,39.23,38.6,39.13,PayPal,PYPL,Financials
15,2015-08-10,39.43,39.69,38.7701,39.05,PayPal,PYPL,Financials
16,2015-08-11,38.93,39.28,38.72,38.85,PayPal,PYPL,Financials
17,2015-08-12,38.55,38.58,37.01,38.19,PayPal,PYPL,Financials
18,2015-08-13,38.4,38.49,37.44,37.62,PayPal,PYPL,Financials
19,2015-08-14,37.49,38.18,37.38,38.14,PayPal,PYPL,Financials
20,2015-08-17,38.3,38.75,37.7,38.73,PayPal,PYPL,Financials
21,2015-08-18,39.0,39.0,37.87,37.99,PayPal,PYPL,Financials
22,2015-08-19,37.87,38.1,37.03,37.19,PayPal,PYPL,Financials
23,2015-08-20,36.85,37.34,35.88,35.98,PayPal,PYPL,Financials
24,2015-08-21,35.57,36.11,33.83,34.25,PayPal,PYPL,Financials
25,2015-08-24,31.17,34.85,30.0,33.75,PayPal,PYPL,Financials
26,2015-08-25,35.44,35.46,32.7,32.7,PayPal,PYPL,Financials
27,2015-08-26,33.7,33.84,31.71,33.17,PayPal,PYPL,Financials
28,2015-08-27,34.0,34.77,33.16,34.62,PayPal,PYPL,Financials
29,2015-08-28,34.51,35.26,34.37,35.04,PayPal,PYPL,Financials
30,2015-08-31,35.49,35.51,34.77,35.0,PayPal,PYPL,Financials
31,2015-09-01,34.24,34.68,33.41,33.77,PayPal,PYPL,Financials
32,2015-09-02,34.6,35.08,33.835,35.07,PayPal,PYPL,Financials
33,2015-09-03,35.01,35.46,34.77,35.31,PayPal,PYPL,Financials
34,2015-09-04,34.71,34.72,33.78,34.29,PayPal,PYPL,Financials
35,2015-09-08,34.81,34.89,34.25,34.7,PayPal,PYPL,Financials
36,2015-09-09,34.92,34.95,33.88,34.37,PayPal,PYPL,Financials
37,2015-09-10,34.23,34.29,32.95,33.46,PayPal,PYPL,Financials
38,2015-09-11,33.27,33.59,32.61,33.55,PayPal,PYPL,Financials
39,2015-09-14,33.7,33.95,33.2,33.77,PayPal,PYPL,Financials
40,2015-09-15,33.72,33.95,32.67,33.8,PayPal,PYPL,Financials
41,2015-09-16,33.46,34.06,33.36,33.77,PayPal,PYPL,Financials
42,2015-09-17,33.72,33.99,33.08,33.32,PayPal,PYPL,Financials
43,2015-09-18,32.9,33.78,32.55,32.92,PayPal,PYPL,Financials
44,2015-09-21,33.66,34.62,33.43,34.25,PayPal,PYPL,Financials
45,2015-09-22,33.94,34.1,33.1899,33.35,PayPal,PYPL,Financials
46,2015-09-23,33.49,34.34,33.26,34.16,PayPal,PYPL,Financials
47,2015-09-24,34.0,34.07,33.38,33.91,PayPal,PYPL,Financials
48,2015-09-25,34.6,34.69,33.5,33.77,PayPal,PYPL,Financials
49,2015-09-28,33.68,33.68,32.155,32.25,PayPal,PYPL,Financials
50,2015-09-29,32.27,32.67,30.3,30.63,PayPal,PYPL,Financials
51,2015-09-30,31.2,31.28,30.64,31.035,PayPal,PYPL,Financials
52,2015-10-01,30.82,31.587,30.75,31.48,PayPal,PYPL,Financials
53,2015-10-02,30.82,32.86,30.75,32.83,PayPal,PYPL,Financials
54,2015-10-05,32.95,33.02,32.38,32.67,PayPal,PYPL,Financials
55,2015-10-06,32.91,32.91,31.78,31.86,PayPal,PYPL,Financials
56,2015-10-07,32.31,32.471,31.52,32.38,PayPal,PYPL,Financials
57,2015-10-08,32.44,32.45,31.09,31.67,PayPal,PYPL,Financials
58,2015-10-09,31.69,32.45,31.41,32.06,PayPal,PYPL,Financials
59,2015-10-12,32.19,32.67,32.1,32.63,PayPal,PYPL,Financials
60,2015-10-13,32.6,33.48,32.3399,33.22,PayPal,PYPL,Financials
61,2015-10-14,33.4,34.46,33.4,34.05,PayPal,PYPL,Financials
62,2015-10-15,34.45,34.72,34.16,34.62,PayPal,PYPL,Financials
63,2015-10-16,34.75,35.05,33.95,34.29,PayPal,PYPL,Financials
64,2015-10-19,34.43,34.905,33.79,34.84,PayPal,PYPL,Financials
65,2015-10-20,34.8,34.99,34.59,34.87,PayPal,PYPL,Financials
66,2015-10-21,34.75,34.8,32.88,33.83,PayPal,PYPL,Financials
67,2015-10-22,34.43,35.25,34.26,34.79,PayPal,PYPL,Financials
68,2015-10-23,35.73,35.75,34.8,34.99,PayPal,PYPL,Financials
69,2015-10-26,36.05,36.59,35.515,36.44,PayPal,PYPL,Financials
70,2015-10-27,36.39,36.3941,35.31,35.94,PayPal,PYPL,Financials
71,2015-10-28,36.21,36.65,35.81,36.52,PayPal,PYPL,Financials
72,2015-10-29,34.73,36.5,34.5,35.91,PayPal,PYPL,Financials
73,2015-10-30,35.64,36.49,35.24,36.01,PayPal,PYPL,Financials
74,2015-11-02,35.58,37.41,35.45,36.99,PayPal,PYPL,Financials
75,2015-11-03,37.05,38.44,37.0,37.9,PayPal,PYPL,Financials
76,2015-11-04,38.45,38.52,37.33,37.6,PayPal,PYPL,Financials
77,2015-11-05,37.82,37.98,36.66,36.71,PayPal,PYPL,Financials
78,2015-11-06,36.59,36.7,35.8,36.24,PayPal,PYPL,Financials
79,2015-11-09,36.1,36.74,35.65,36.6,PayPal,PYPL,Financials
80,2015-11-10,36.58,37.2,36.5,37.0,PayPal,PYPL,Financials
81,2015-11-11,37.19,37.32,35.75,36.33,PayPal,PYPL,Financials
82,2015-11-12,35.945,36.05,34.83,35.57,PayPal,PYPL,Financials
83,2015-11-13,35.18,35.4999,34.5,34.53,PayPal,PYPL,Financials
84,2015-11-16,34.55,35.66,34.53,35.61,PayPal,PYPL,Financials
85,2015-11-17,35.89,36.45,35.71,36.21,PayPal,PYPL,Financials
86,2015-11-18,36.32,36.95,35.785,36.22,PayPal,PYPL,Financials
87,2015-11-19,36.45,36.5,35.91,36.19,PayPal,PYPL,Financials
88,2015-11-20,36.45,36.45,35.9202,36.36,PayPal,PYPL,Financials
89,2015-11-23,36.5,36.65,35.41,35.56,PayPal,PYPL,Financials
90,2015-11-24,35.25,35.3,34.88,35.12,PayPal,PYPL,Financials
91,2015-11-25,35.2,35.86,35.13,35.36,PayPal,PYPL,Financials
92,2015-11-27,35.52,35.7,35.06,35.18,PayPal,PYPL,Financials
93,2015-11-30,35.36,35.44,34.69,35.26,PayPal,PYPL,Financials
94,2015-12-01,35.41,35.41,33.85,35.17,PayPal,PYPL,Financials
95,2015-12-02,35.23,36.17,34.9301,35.15,PayPal,PYPL,Financials
96,2015-12-03,35.2,35.23,33.8501,34.23,PayPal,PYPL,Financials
97,2015-12-04,34.38,35.82,34.22,35.62,PayPal,PYPL,Financials
98,2015-12-07,35.71,35.8,34.85,35.16,PayPal,PYPL,Financials
99,2015-12-08,34.63,35.7,34.52,35.6,PayPal,PYPL,Financials
100,2015-12-09,35.39,35.6,34.83,35.07,PayPal,PYPL,Financials
101,2015-12-10,35.16,35.91,35.16,35.49,PayPal,PYPL,Financials
102,2015-12-11,35.15,35.3263,34.42,34.69,PayPal,PYPL,Financials
103,2015-12-14,34.61,35.2226,34.33,35.01,PayPal,PYPL,Financials
104,2015-12-15,35.19,36.51,35.18,36.32,PayPal,PYPL,Financials
105,2015-12-16,36.12,36.25,35.19,35.98,PayPal,PYPL,Financials
106,2015-12-17,36.0,36.58,35.51,35.54,PayPal,PYPL,Financials
107,2015-12-18,35.35,35.76,34.73,34.98,PayPal,PYPL,Financials
108,2015-12-21,35.21,36.15,35.11,36.08,PayPal,PYPL,Financials
109,2015-12-22,36.12,36.89,35.78,36.805,PayPal,PYPL,Financials
110,2015-12-23,36.79,37.68,36.77,37.11,PayPal,PYPL,Financials
111,2015-12-24,37.01,37.23,36.82,37.07,PayPal,PYPL,Financials
112,2015-12-28,36.7,37.0,36.25,36.61,PayPal,PYPL,Financials
113,2015-12-29,36.92,37.45,36.75,37.08,PayPal,PYPL,Financials
114,2015-12-30,37.07,37.25,36.46,36.48,PayPal,PYPL,Financials
115,2015-12-31,36.3,36.5,36.0508,36.2,PayPal,PYPL,Financials
116,2016-01-04,35.13,35.56,34.28,34.75,PayPal,PYPL,Financials
117,2016-01-05,34.98,34.98,33.86,34.31,PayPal,PYPL,Financials
118,2016-01-06,33.7,34.01,33.21,33.98,PayPal,PYPL,Financials
119,2016-01-07,33.15,34.161,33.02,33.13,PayPal,PYPL,Financials
120,2016-01-08,33.46,33.88,32.63,32.69,PayPal,PYPL,Financials
121,2016-01-11,33.02,33.43,32.47,33.04,PayPal,PYPL,Financials
122,2016-01-12,33.35,33.57,32.66,33.08,PayPal,PYPL,Financials
123,2016-01-13,33.28,33.57,31.97,32.12,PayPal,PYPL,Financials
124,2016-01-14,32.15,33.04,31.705,32.87,PayPal,PYPL,Financials
125,2016-01-15,31.62,32.54,31.62,32.31,PayPal,PYPL,Financials
126,2016-01-19,32.76,33.18,31.93,32.2,PayPal,PYPL,Financials
127,2016-01-20,31.43,31.7,30.52,31.2,PayPal,PYPL,Financials
128,2016-01-21,31.61,31.74,30.9,31.2,PayPal,PYPL,Financials
129,2016-01-22,31.65,31.97,31.54,31.69,PayPal,PYPL,Financials
130,2016-01-25,31.98,31.98,31.35,31.47,PayPal,PYPL,Financials
131,2016-01-26,31.49,31.98,31.39,31.97,PayPal,PYPL,Financials
132,2016-01-27,31.96,32.63,31.38,31.59,PayPal,PYPL,Financials
133,2016-01-28,33.63,34.75,33.35,34.24,PayPal,PYPL,Financials
134,2016-01-29,34.49,36.26,34.36,36.14,PayPal,PYPL,Financials
135,2016-02-01,35.65,37.32,35.59,37.08,PayPal,PYPL,Financials
136,2016-02-02,36.53,37.77,36.44,36.83,PayPal,PYPL,Financials
137,2016-02-03,36.87,37.55,36.07,37.01,PayPal,PYPL,Financials
138,2016-02-04,36.66,37.285,36.54,37.17,PayPal,PYPL,Financials
139,2016-02-05,37.16,37.16,34.82,35.07,PayPal,PYPL,Financials
140,2016-02-08,34.0,34.29,31.98,33.61,PayPal,PYPL,Financials
141,2016-02-09,32.8,33.858,31.64,32.7,PayPal,PYPL,Financials
142,2016-02-10,33.62,33.94,32.82,32.9,PayPal,PYPL,Financials
143,2016-02-11,32.12,33.64,32.01,33.52,PayPal,PYPL,Financials
144,2016-02-12,33.97,34.44,33.81,34.3,PayPal,PYPL,Financials
145,2016-02-16,34.65,35.52,34.48,35.46,PayPal,PYPL,Financials
146,2016-02-17,35.98,36.91,35.81,36.36,PayPal,PYPL,Financials
147,2016-02-18,36.41,36.53,35.66,36.31,PayPal,PYPL,Financials
148,2016-02-19,36.0,36.235,35.61,35.76,PayPal,PYPL,Financials
149,2016-02-22,36.45,36.5,35.82,36.0,PayPal,PYPL,Financials
150,2016-02-23,35.72,35.935,35.02,35.48,PayPal,PYPL,Financials
151,2016-02-24,35.22,36.75,34.86,36.47,PayPal,PYPL,Financials
152,2016-02-25,36.67,36.83,36.18,36.74,PayPal,PYPL,Financials
153,2016-02-26,36.73,37.535,36.37,37.49,PayPal,PYPL,Financials
154,2016-02-29,37.47,38.93,37.45,38.14,PayPal,PYPL,Financials
155,2016-03-01,38.52,39.545,38.02,39.25,PayPal,PYPL,Financials
156,2016-03-02,39.2,39.93,38.7,39.16,PayPal,PYPL,Financials
157,2016-03-03,38.96,39.24,38.629,39.02,PayPal,PYPL,Financials
158,2016-03-04,38.77,39.7,38.755,39.04,PayPal,PYPL,Financials
159,2016-03-07,38.78,39.4,38.7202,38.98,PayPal,PYPL,Financials
160,2016-03-08,38.69,38.88,38.11,38.16,PayPal,PYPL,Financials
161,2016-03-09,38.48,38.62,37.82,38.57,PayPal,PYPL,Financials
162,2016-03-10,38.66,39.3,37.48,38.49,PayPal,PYPL,Financials
163,2016-03-11,39.0,39.53,38.85,39.49,PayPal,PYPL,Financials
164,2016-03-14,39.4,39.8,39.04,39.38,PayPal,PYPL,Financials
165,2016-03-15,39.05,39.64,39.05,39.27,PayPal,PYPL,Financials
166,2016-03-16,39.09,39.89,38.57,39.84,PayPal,PYPL,Financials
167,2016-03-17,39.85,40.12,39.17,39.93,PayPal,PYPL,Financials
168,2016-03-18,39.86,39.86,38.69,39.41,PayPal,PYPL,Financials
169,2016-03-21,39.41,41.17,39.2,41.14,PayPal,PYPL,Financials
170,2016-03-22,40.67,41.75,40.63,41.32,PayPal,PYPL,Financials
171,2016-03-23,41.06,41.31,40.04,40.52,PayPal,PYPL,Financials
172,2016-03-24,39.4,39.51,37.0,38.92,PayPal,PYPL,Financials
173,2016-03-28,38.81,39.17,38.62,38.74,PayPal,PYPL,Financials
174,2016-03-29,38.74,39.715,38.3,39.53,PayPal,PYPL,Financials
175,2016-03-30,39.94,40.0399,38.995,39.04,PayPal,PYPL,Financials
176,2016-03-31,38.74,39.0,38.43,38.6,PayPal,PYPL,Financials
177,2016-04-01,38.51,39.46,38.4,39.4,PayPal,PYPL,Financials
178,2016-04-04,39.36,39.38,38.41,38.79,PayPal,PYPL,Financials
179,2016-04-05,38.35,38.81,37.7,38.55,PayPal,PYPL,Financials
180,2016-04-06,38.45,39.185,38.25,39.16,PayPal,PYPL,Financials
181,2016-04-07,38.85,38.94,38.12,38.28,PayPal,PYPL,Financials
182,2016-04-08,38.61,38.6989,38.1,38.41,PayPal,PYPL,Financials
183,2016-04-11,38.33,38.82,38.03,38.06,PayPal,PYPL,Financials
184,2016-04-12,38.32,38.32,37.34,37.8,PayPal,PYPL,Financials
185,2016-04-13,38.25,39.12,38.19,38.79,PayPal,PYPL,Financials
186,2016-04-14,38.94,39.02,38.415,38.64,PayPal,PYPL,Financials
187,2016-04-15,38.69,38.95,38.29,38.58,PayPal,PYPL,Financials
188,2016-04-18,38.56,39.69,38.43,39.64,PayPal,PYPL,Financials
189,2016-04-19,39.75,40.07,38.975,39.24,PayPal,PYPL,Financials
190,2016-04-20,39.24,40.24,39.17,40.08,PayPal,PYPL,Financials
191,2016-04-21,40.2,40.55,40.0138,40.1,PayPal,PYPL,Financials
192,2016-04-22,39.72,40.635,39.68,40.31,PayPal,PYPL,Financials
193,2016-04-25,40.27,40.84,39.54,39.82,PayPal,PYPL,Financials
194,2016-04-26,39.57,40.13,39.33,39.73,PayPal,PYPL,Financials
195,2016-04-27,39.68,40.18,39.2,40.01,PayPal,PYPL,Financials
196,2016-04-28,41.0,41.49,39.91,40.07,PayPal,PYPL,Financials
197,2016-04-29,39.71,39.87,38.59,39.18,PayPal,PYPL,Financials
198,2016-05-02,39.07,39.27,38.73,39.02,PayPal,PYPL,Financials
199,2016-05-03,38.63,38.97,38.14,38.36,PayPal,PYPL,Financials
200,2016-05-04,38.07,38.46,37.87,38.31,PayPal,PYPL,Financials
201,2016-05-05,38.38,39.119,38.32,38.95,PayPal,PYPL,Financials
202,2016-05-06,38.71,39.7,38.61,39.48,PayPal,PYPL,Financials
203,2016-05-09,39.42,40.18,39.33,39.62,PayPal,PYPL,Financials
204,2016-05-10,39.62,40.15,39.24,40.11,PayPal,PYPL,Financials
205,2016-05-11,39.57,40.3143,39.57,39.71,PayPal,PYPL,Financials
206,2016-05-12,39.85,40.0,39.17,39.51,PayPal,PYPL,Financials
207,2016-05-13,39.54,39.8,39.31,39.48,PayPal,PYPL,Financials
208,2016-05-16,39.36,39.53,39.13,39.3,PayPal,PYPL,Financials
209,2016-05-17,39.1,39.66,38.75,39.065,PayPal,PYPL,Financials
210,2016-05-18,39.18,39.36,38.5,38.98,PayPal,PYPL,Financials
211,2016-05-19,38.81,38.88,37.31,37.65,PayPal,PYPL,Financials
212,2016-05-20,37.79,37.95,37.49,37.53,PayPal,PYPL,Financials
213,2016-05-23,37.68,38.23,37.39,38.07,PayPal,PYPL,Financials
214,2016-05-24,38.28,39.005,38.28,38.92,PayPal,PYPL,Financials
215,2016-05-25,38.87,39.06,38.51,38.76,PayPal,PYPL,Financials
216,2016-05-26,38.71,38.74,38.0,38.07,PayPal,PYPL,Financials
217,2016-05-27,38.0,38.345,37.92,38.09,PayPal,PYPL,Financials
218,2016-05-31,37.96,38.03,37.5,37.79,PayPal,PYPL,Financials
219,2016-06-01,37.81,38.479,37.71,38.31,PayPal,PYPL,Financials
220,2016-06-02,38.42,38.685,38.32,38.56,PayPal,PYPL,Financials
221,2016-06-03,38.44,38.59,37.8125,38.33,PayPal,PYPL,Financials
222,2016-06-06,38.47,38.49,37.98,38.1,PayPal,PYPL,Financials
223,2016-06-07,38.07,38.48,37.52,37.57,PayPal,PYPL,Financials
224,2016-06-08,37.53,37.7,37.06,37.55,PayPal,PYPL,Financials
225,2016-06-09,37.48,37.57,37.11,37.13,PayPal,PYPL,Financials
226,2016-06-10,36.83,37.05,36.62,36.77,PayPal,PYPL,Financials
227,2016-06-13,36.5,37.11,36.495,36.54,PayPal,PYPL,Financials
228,2016-06-14,36.37,37.275,36.25,37.16,PayPal,PYPL,Financials
229,2016-06-15,37.16,37.2198,36.785,36.84,PayPal,PYPL,Financials
230,2016-06-16,36.62,37.04,36.35,36.97,PayPal,PYPL,Financials
231,2016-06-17,37.03,37.18,36.63,36.97,PayPal,PYPL,Financials
232,2016-06-20,37.28,37.76,36.82,36.86,PayPal,PYPL,Financials
233,2016-06-21,36.8,36.8,35.95,36.16,PayPal,PYPL,Financials
234,2016-06-22,36.28,36.4928,35.78,36.0,PayPal,PYPL,Financials
235,2016-06-23,36.27,36.665,36.05,36.66,PayPal,PYPL,Financials
236,2016-06-24,35.0,35.725,34.61,35.08,PayPal,PYPL,Financials
237,2016-06-27,34.74,34.76,34.0,34.2,PayPal,PYPL,Financials
238,2016-06-28,34.46,35.25,34.23,35.24,PayPal,PYPL,Financials
239,2016-06-29,35.69,35.905,35.29,35.77,PayPal,PYPL,Financials
240,2016-06-30,35.81,36.53,35.59,36.51,PayPal,PYPL,Financials
241,2016-07-01,36.6,36.67,36.25,36.35,PayPal,PYPL,Financials
242,2016-07-05,36.3,36.36,35.87,36.12,PayPal,PYPL,Financials
243,2016-07-06,35.94,36.17,35.715,35.93,PayPal,PYPL,Financials
244,2016-07-07,35.92,36.39,35.84,36.32,PayPal,PYPL,Financials
245,2016-07-08,36.78,37.46,36.66,37.36,PayPal,PYPL,Financials
246,2016-07-11,37.45,38.33,37.4,38.15,PayPal,PYPL,Financials
247,2016-07-12,38.47,38.91,38.24,38.79,PayPal,PYPL,Financials
248,2016-07-13,38.84,39.99,38.83,39.28,PayPal,PYPL,Financials
249,2016-07-14,39.69,40.07,39.4,39.96,PayPal,PYPL,Financials
250,2016-07-15,40.02,40.07,38.98,39.09,PayPal,PYPL,Financials
251,2016-07-18,39.13,39.22,38.73,38.92,PayPal,PYPL,Financials
252,2016-07-19,38.97,39.465,38.83,39.37,PayPal,PYPL,Financials
253,2016-07-20,39.44,40.45,39.12,40.05,PayPal,PYPL,Financials
254,2016-07-21,40.33,40.33,39.65,40.13,PayPal,PYPL,Financials
255,2016-07-22,37.3,37.59,36.43,37.42,PayPal,PYPL,Financials
256,2016-07-25,37.7,38.18,37.62,37.78,PayPal,PYPL,Financials
257,2016-07-26,37.78,38.27,37.6,37.69,PayPal,PYPL,Financials
258,2016-07-27,37.64,37.69,37.045,37.22,PayPal,PYPL,Financials
259,2016-07-28,37.4,37.68,37.101,37.22,PayPal,PYPL,Financials
260,2016-07-29,37.41,37.48,36.86,37.24,PayPal,PYPL,Financials
261,2016-08-01,37.43,37.44,36.9,37.06,PayPal,PYPL,Financials
262,2016-08-02,37.06,37.0852,36.36,36.54,PayPal,PYPL,Financials
263,2016-08-03,36.59,36.74,36.28,36.58,PayPal,PYPL,Financials
264,2016-08-04,36.82,37.39,36.73,37.3,PayPal,PYPL,Financials
265,2016-08-05,37.55,38.15,37.55,38.1,PayPal,PYPL,Financials
266,2016-08-08,38.19,38.3,37.65,37.91,PayPal,PYPL,Financials
267,2016-08-09,38.03,38.14,37.88,38.1,PayPal,PYPL,Financials
268,2016-08-10,38.02,38.245,37.91,38.07,PayPal,PYPL,Financials
269,2016-08-11,38.19,38.49,38.1,38.46,PayPal,PYPL,Financials
270,2016-08-12,38.3,38.63,38.1,38.51,PayPal,PYPL,Financials
271,2016-08-15,38.55,38.65,38.34,38.46,PayPal,PYPL,Financials
272,2016-08-16,38.4,38.53,38.15,38.38,PayPal,PYPL,Financials
273,2016-08-17,38.41,38.46,37.88,38.14,PayPal,PYPL,Financials
274,2016-08-18,38.07,38.375,37.93,38.22,PayPal,PYPL,Financials
275,2016-08-19,38.02,38.18,37.895,38.09,PayPal,PYPL,Financials
276,2016-08-22,37.93,38.2,37.66,38.11,PayPal,PYPL,Financials
277,2016-08-23,38.42,38.43,37.8,37.86,PayPal,PYPL,Financials
278,2016-08-24,37.81,37.95,37.41,37.52,PayPal,PYPL,Financials
279,2016-08-25,37.5,37.57,37.25,37.51,PayPal,PYPL,Financials
280,2016-08-26,37.72,37.84,37.38,37.65,PayPal,PYPL,Financials
281,2016-08-29,37.61,37.65,37.27,37.29,PayPal,PYPL,Financials
282,2016-08-30,37.26,37.52,36.985,37.0,PayPal,PYPL,Financials
283,2016-08-31,37.0,37.24,36.84,37.15,PayPal,PYPL,Financials
284,2016-09-01,37.27,37.32,36.58,36.83,PayPal,PYPL,Financials
285,2016-09-02,37.01,37.125,36.3,37.07,PayPal,PYPL,Financials
286,2016-09-06,37.05,37.65,37.02,37.18,PayPal,PYPL,Financials
287,2016-09-07,37.33,38.58,37.26,38.56,PayPal,PYPL,Financials
288,2016-09-08,38.65,39.33,38.5007,39.27,PayPal,PYPL,Financials
289,2016-09-09,38.75,39.02,37.91,38.01,PayPal,PYPL,Financials
290,2016-09-12,37.65,38.84,37.5401,38.77,PayPal,PYPL,Financials
291,2016-09-13,38.62,40.33,38.41,39.86,PayPal,PYPL,Financials
292,2016-09-14,39.99,40.28,39.53,39.96,PayPal,PYPL,Financials
293,2016-09-15,40.31,41.14,39.8699,40.83,PayPal,PYPL,Financials
294,2016-09-16,40.71,40.88,40.3248,40.7,PayPal,PYPL,Financials
295,2016-09-19,40.24,40.46,39.75,40.01,PayPal,PYPL,Financials
296,2016-09-20,40.3,40.3,39.67,39.69,PayPal,PYPL,Financials
297,2016-09-21,39.86,40.39,39.7,40.29,PayPal,PYPL,Financials
298,2016-09-22,40.42,40.66,40.14,40.49,PayPal,PYPL,Financials
299,2016-09-23,39.6,40.495,39.6,40.07,PayPal,PYPL,Financials
300,2016-09-26,39.38,40.51,39.38,40.34,PayPal,PYPL,Financials
301,2016-09-27,40.04,41.23,39.49,41.06,PayPal,PYPL,Financials
302,2016-09-28,41.15,41.19,40.21,40.97,PayPal,PYPL,Financials
303,2016-09-29,40.91,41.3,40.36,40.39,PayPal,PYPL,Financials
304,2016-09-30,40.29,41.05,40.27,40.97,PayPal,PYPL,Financials
305,2016-10-03,40.87,41.2,40.16,40.59,PayPal,PYPL,Financials
306,2016-10-04,41.3,41.3,40.44,40.78,PayPal,PYPL,Financials
307,2016-10-05,40.95,40.95,40.4,40.44,PayPal,PYPL,Financials
308,2016-10-06,40.32,40.39,39.86,40.18,PayPal,PYPL,Financials
309,2016-10-07,40.42,40.42,39.62,39.88,PayPal,PYPL,Financials
310,2016-10-10,40.13,40.17,39.59,39.86,PayPal,PYPL,Financials
311,2016-10-11,40.03,40.11,38.96,39.19,PayPal,PYPL,Financials
312,2016-10-12,39.77,39.8,39.3,39.53,PayPal,PYPL,Financials
313,2016-10-13,39.39,39.4,38.75,39.2,PayPal,PYPL,Financials
314,2016-10-14,39.46,39.89,39.23,39.24,PayPal,PYPL,Financials
315,2016-10-17,39.24,39.62,39.16,39.48,PayPal,PYPL,Financials
316,2016-10-18,40.0,40.18,39.78,39.83,PayPal,PYPL,Financials
317,2016-10-19,39.97,40.47,39.84,40.24,PayPal,PYPL,Financials
318,2016-10-20,40.23,40.29,39.82,40.09,PayPal,PYPL,Financials
319,2016-10-21,41.85,44.24,41.84,44.15,PayPal,PYPL,Financials
320,2016-10-24,44.0,44.52,43.14,43.87,PayPal,PYPL,Financials
321,2016-10-25,43.66,44.07,43.0,43.31,PayPal,PYPL,Financials
322,2016-10-26,43.0,43.21,42.31,42.33,PayPal,PYPL,Financials
323,2016-10-27,42.55,42.57,41.621,41.69,PayPal,PYPL,Financials
324,2016-10-28,41.98,41.98,41.07,41.76,PayPal,PYPL,Financials
325,2016-10-31,41.78,42.0,41.36,41.66,PayPal,PYPL,Financials
326,2016-11-01,41.68,42.295,41.29,41.54,PayPal,PYPL,Financials
327,2016-11-02,41.43,41.57,41.08,41.35,PayPal,PYPL,Financials
328,2016-11-03,41.32,41.5,40.92,41.19,PayPal,PYPL,Financials
329,2016-11-04,40.3,41.485,40.3,40.9,PayPal,PYPL,Financials
330,2016-11-07,41.52,41.65,41.06,41.28,PayPal,PYPL,Financials
331,2016-11-08,41.42,42.15,41.09,41.58,PayPal,PYPL,Financials
332,2016-11-09,40.6,41.47,40.58,41.26,PayPal,PYPL,Financials
333,2016-11-10,41.9,41.9,39.58,40.45,PayPal,PYPL,Financials
334,2016-11-11,40.77,40.77,39.8,40.08,PayPal,PYPL,Financials
335,2016-11-14,40.4,40.4,38.45,38.81,PayPal,PYPL,Financials
336,2016-11-15,39.52,39.48,38.9,38.94,PayPal,PYPL,Financials
337,2016-11-16,39.05,39.21,38.71,39.07,PayPal,PYPL,Financials
338,2016-11-17,39.12,40.055,38.95,39.88,PayPal,PYPL,Financials
339,2016-11-18,40.08,40.57,39.91,40.08,PayPal,PYPL,Financials
340,2016-11-21,40.12,40.77,40.1155,40.63,PayPal,PYPL,Financials
341,2016-11-22,40.99,41.1,39.95,40.33,PayPal,PYPL,Financials
342,2016-11-23,40.31,40.43,39.85,40.05,PayPal,PYPL,Financials
343,2016-11-25,40.4,40.56,39.99,40.26,PayPal,PYPL,Financials
344,2016-11-28,40.26,40.49,39.925,39.96,PayPal,PYPL,Financials
345,2016-11-29,40.07,40.36,39.79,39.89,PayPal,PYPL,Financials
346,2016-11-30,40.1,40.18,39.18,39.28,PayPal,PYPL,Financials
347,2016-12-01,39.56,39.68,38.18,38.34,PayPal,PYPL,Financials
348,2016-12-02,38.34,38.75,38.06,38.62,PayPal,PYPL,Financials
349,2016-12-05,38.85,39.34,38.65,38.99,PayPal,PYPL,Financials
350,2016-12-06,39.23,39.26,38.71,38.98,PayPal,PYPL,Financials
351,2016-12-07,39.08,39.46,38.8,39.45,PayPal,PYPL,Financials
352,2016-12-08,39.68,40.0,39.45,39.61,PayPal,PYPL,Financials
353,2016-12-09,39.7,39.79,39.375,39.65,PayPal,PYPL,Financials
354,2016-12-12,39.6,39.9,39.35,39.43,PayPal,PYPL,Financials
355,2016-12-13,39.55,39.745,39.39,39.43,PayPal,PYPL,Financials
356,2016-12-14,39.46,39.89,39.46,39.55,PayPal,PYPL,Financials
357,2016-12-15,39.8,40.29,39.35,39.54,PayPal,PYPL,Financials
358,2016-12-16,39.9,39.9,39.12,39.32,PayPal,PYPL,Financials
359,2016-12-19,39.4,39.8,39.11,39.44,PayPal,PYPL,Financials
360,2016-12-20,39.61,39.74,39.26,39.74,PayPal,PYPL,Financials
361,2016-12-21,39.84,40.74,39.82,40.09,PayPal,PYPL,Financials
362,2016-12-22,40.04,40.09,39.54,39.68,PayPal,PYPL,Financials
363,2016-12-23,39.82,39.87,39.48,39.58,PayPal,PYPL,Financials
364,2016-12-27,39.5,40.08,39.43,39.72,PayPal,PYPL,Financials
365,2016-12-28,39.76,40.03,39.53,39.57,PayPal,PYPL,Financials
366,2016-12-29,39.54,40.17,39.54,39.96,PayPal,PYPL,Financials
367,2016-12-30,39.96,40.07,39.34,39.47,PayPal,PYPL,Financials
368,2017-01-03,40.29,40.98,40.0,40.25,PayPal,PYPL,Financials
369,2017-01-04,40.35,41.03,40.045,41.0,PayPal,PYPL,Financials
370,2017-01-05,41.43,41.72,41.0399,41.06,PayPal,PYPL,Financials
371,2017-01-06,41.24,41.64,40.79,41.45,PayPal,PYPL,Financials
372,2017-01-09,41.49,41.51,41.11,41.4,PayPal,PYPL,Financials
373,2017-01-10,41.4,41.55,41.07,41.08,PayPal,PYPL,Financials
374,2017-01-11,41.23,41.38,40.835,41.28,PayPal,PYPL,Financials
375,2017-01-12,41.28,41.6052,40.92,41.56,PayPal,PYPL,Financials
376,2017-01-13,41.65,41.84,41.53,41.6,PayPal,PYPL,Financials
377,2017-01-17,41.6,41.71,41.2,41.27,PayPal,PYPL,Financials
378,2017-01-18,41.41,41.49,41.11,41.35,PayPal,PYPL,Financials
379,2017-01-19,41.25,41.68,41.03,41.27,PayPal,PYPL,Financials
380,2017-01-20,41.39,41.72,41.3,41.69,PayPal,PYPL,Financials
381,2017-01-23,41.86,42.11,41.25,41.62,PayPal,PYPL,Financials
382,2017-01-24,41.95,42.04,41.53,41.96,PayPal,PYPL,Financials
383,2017-01-25,42.36,42.44,41.66,41.71,PayPal,PYPL,Financials
384,2017-01-26,42.36,42.5,41.285,41.5,PayPal,PYPL,Financials
385,2017-01-27,41.0,41.2,39.92,40.27,PayPal,PYPL,Financials
386,2017-01-30,40.17,40.27,39.42,39.86,PayPal,PYPL,Financials
387,2017-01-31,39.7,40.01,39.45,39.78,PayPal,PYPL,Financials
388,2017-02-01,39.96,40.0,39.11,39.31,PayPal,PYPL,Financials
389,2017-02-02,39.4,39.84,39.02,39.58,PayPal,PYPL,Financials
390,2017-02-03,39.79,39.93,39.55,39.59,PayPal,PYPL,Financials
391,2017-02-06,39.64,39.83,39.34,39.74,PayPal,PYPL,Financials
392,2017-02-07,40.01,40.34,39.7,40.02,PayPal,PYPL,Financials
393,2017-02-08,40.18,40.99,39.92,40.88,PayPal,PYPL,Financials
394,2017-02-09,40.44,40.995,40.3,40.83,PayPal,PYPL,Financials
395,2017-02-10,40.82,40.86,40.56,40.58,PayPal,PYPL,Financials
396,2017-02-13,40.83,41.3,40.74,41.17,PayPal,PYPL,Financials
397,2017-02-14,41.18,41.63,40.94,41.62,PayPal,PYPL,Financials
398,2017-02-15,41.69,41.93,41.27,41.87,PayPal,PYPL,Financials
399,2017-02-16,41.87,42.31,41.7,42.15,PayPal,PYPL,Financials
400,2017-02-17,41.92,42.3,41.8,41.96,PayPal,PYPL,Financials
401,2017-02-21,41.93,42.56,41.9,42.43,PayPal,PYPL,Financials
402,2017-02-22,42.3,42.53,42.12,42.42,PayPal,PYPL,Financials
403,2017-02-23,42.37,42.67,42.16,42.53,PayPal,PYPL,Financials
404,2017-02-24,42.11,43.07,41.83,43.07,PayPal,PYPL,Financials
405,2017-02-27,42.89,42.89,42.35,42.64,PayPal,PYPL,Financials
406,2017-02-28,42.49,42.49,41.99,42.0,PayPal,PYPL,Financials
407,2017-03-01,42.31,42.52,41.99,42.43,PayPal,PYPL,Financials
408,2017-03-02,42.4,42.86,42.2,42.77,PayPal,PYPL,Financials
409,2017-03-03,42.7,43.04,42.58,43.03,PayPal,PYPL,Financials
410,2017-03-06,42.98,43.03,42.63,42.87,PayPal,PYPL,Financials
411,2017-03-07,42.8,43.2,42.71,42.89,PayPal,PYPL,Financials
412,2017-03-08,42.84,43.18,42.72,42.79,PayPal,PYPL,Financials
413,2017-03-09,42.66,43.0,42.45,42.92,PayPal,PYPL,Financials
414,2017-03-10,43.19,43.28,42.76,42.99,PayPal,PYPL,Financials
415,2017-03-13,42.87,42.965,42.45,42.59,PayPal,PYPL,Financials
416,2017-03-14,42.51,42.64,41.74,42.1,PayPal,PYPL,Financials
417,2017-03-15,42.29,42.57,41.89,42.39,PayPal,PYPL,Financials
418,2017-03-16,42.5,42.58,42.14,42.4,PayPal,PYPL,Financials
419,2017-03-17,42.57,43.3,42.37,43.08,PayPal,PYPL,Financials
420,2017-03-20,43.1,43.32,42.81,43.16,PayPal,PYPL,Financials
421,2017-03-21,43.33,43.4,42.46,42.64,PayPal,PYPL,Financials
422,2017-03-22,42.595,43.24,42.45,43.19,PayPal,PYPL,Financials
423,2017-03-23,43.13,43.61,43.0,43.14,PayPal,PYPL,Financials
424,2017-03-24,43.48,43.495,42.935,43.13,PayPal,PYPL,Financials
425,2017-03-27,42.69,43.2,42.58,43.08,PayPal,PYPL,Financials
426,2017-03-28,42.87,43.25,42.84,43.15,PayPal,PYPL,Financials
427,2017-03-29,43.15,43.3,42.96,43.24,PayPal,PYPL,Financials
428,2017-03-30,43.15,43.8,43.0,43.54,PayPal,PYPL,Financials
429,2017-03-31,43.44,43.48,43.01,43.02,PayPal,PYPL,Financials
430,2017-04-03,43.2,43.3,42.51,42.63,PayPal,PYPL,Financials
431,2017-04-04,42.74,42.74,42.26,42.72,PayPal,PYPL,Financials
432,2017-04-05,42.83,43.3433,42.74,42.89,PayPal,PYPL,Financials
433,2017-04-06,42.9,43.0,42.72,42.9,PayPal,PYPL,Financials
434,2017-04-07,42.89,43.175,42.71,43.04,PayPal,PYPL,Financials
435,2017-04-10,43.07,43.55,43.01,43.05,PayPal,PYPL,Financials
436,2017-04-11,42.99,43.09,42.61,42.69,PayPal,PYPL,Financials
437,2017-04-12,42.1,42.81,42.06,42.49,PayPal,PYPL,Financials
438,2017-04-13,42.5,42.89,42.32,42.55,PayPal,PYPL,Financials
439,2017-04-17,42.6,43.14,42.6,43.1,PayPal,PYPL,Financials
440,2017-04-18,43.2,43.2,42.86,43.09,PayPal,PYPL,Financials
441,2017-04-19,43.03,43.47,42.9,43.3,PayPal,PYPL,Financials
442,2017-04-20,43.32,43.8,43.26,43.69,PayPal,PYPL,Financials
443,2017-04-21,43.86,44.0,43.6,43.81,PayPal,PYPL,Financials
444,2017-04-24,44.09,44.28,43.95,44.27,PayPal,PYPL,Financials
445,2017-04-25,44.49,45.01,44.35,44.71,PayPal,PYPL,Financials
446,2017-04-26,45.04,45.04,44.25,44.41,PayPal,PYPL,Financials
447,2017-04-27,47.25,48.1,46.75,47.15,PayPal,PYPL,Financials
448,2017-04-28,47.03,47.755,46.87,47.72,PayPal,PYPL,Financials
449,2017-05-01,47.39,47.7125,47.32,47.54,PayPal,PYPL,Financials
450,2017-05-02,47.41,49.07,47.4,49.05,PayPal,PYPL,Financials
451,2017-05-03,49.16,49.29,48.625,49.02,PayPal,PYPL,Financials
452,2017-05-04,48.93,49.38,48.82,48.91,PayPal,PYPL,Financials
453,2017-05-05,48.62,49.44,48.4,49.3,PayPal,PYPL,Financials
454,2017-05-08,49.43,49.45,48.81,49.17,PayPal,PYPL,Financials
455,2017-05-09,49.06,49.37,48.9,49.22,PayPal,PYPL,Financials
456,2017-05-10,49.18,49.8,49.015,49.79,PayPal,PYPL,Financials
457,2017-05-11,49.63,49.71,49.11,49.7,PayPal,PYPL,Financials
458,2017-05-12,49.58,49.75,49.24,49.37,PayPal,PYPL,Financials
459,2017-05-15,49.31,50.0,49.25,49.77,PayPal,PYPL,Financials
460,2017-05-16,49.63,50.35,49.57,50.34,PayPal,PYPL,Financials
461,2017-05-17,49.87,50.1,49.025,49.05,PayPal,PYPL,Financials
462,2017-05-18,49.03,49.58,48.89,49.11,PayPal,PYPL,Financials
463,2017-05-19,49.15,49.71,49.06,49.39,PayPal,PYPL,Financials
464,2017-05-22,49.45,49.88,49.35,49.77,PayPal,PYPL,Financials
465,2017-05-23,49.9,50.18,49.77,50.13,PayPal,PYPL,Financials
466,2017-05-24,50.23,51.08,50.14,51.05,PayPal,PYPL,Financials
467,2017-05-25,50.77,51.13,50.64,50.93,PayPal,PYPL,Financials
468,2017-05-26,51.04,51.39,50.89,51.19,PayPal,PYPL,Financials
469,2017-05-30,50.96,51.28,50.86,51.06,PayPal,PYPL,Financials
470,2017-05-31,51.13,52.24,50.88,52.21,PayPal,PYPL,Financials
471,2017-06-01,52.48,53.39,52.475,53.16,PayPal,PYPL,Financials
472,2017-06-02,53.44,53.64,53.08,53.52,PayPal,PYPL,Financials
473,2017-06-05,53.77,54.07,53.59,53.8,PayPal,PYPL,Financials
474,2017-06-06,53.75,53.8,53.16,53.4,PayPal,PYPL,Financials
475,2017-06-07,53.3,53.94,53.26,53.85,PayPal,PYPL,Financials
476,2017-06-08,54.03,54.43,53.45,54.39,PayPal,PYPL,Financials
477,2017-06-09,54.65,55.14,52.85,53.4,PayPal,PYPL,Financials
478,2017-06-12,52.81,52.9,51.43,52.16,PayPal,PYPL,Financials
479,2017-06-13,52.29,52.485,51.7,52.06,PayPal,PYPL,Financials
480,2017-06-14,52.0,52.505,51.535,51.9,PayPal,PYPL,Financials
481,2017-06-15,51.44,52.38,50.83,52.29,PayPal,PYPL,Financials
482,2017-06-16,52.04,52.16,51.58,51.84,PayPal,PYPL,Financials
483,2017-06-19,52.28,53.0,52.1101,52.93,PayPal,PYPL,Financials
484,2017-06-20,52.84,53.23,52.43,52.52,PayPal,PYPL,Financials
485,2017-06-21,52.99,53.58,52.61,53.54,PayPal,PYPL,Financials
486,2017-06-22,53.71,53.951,52.86,53.87,PayPal,PYPL,Financials
487,2017-06-23,53.82,54.53,53.69,54.33,PayPal,PYPL,Financials
488,2017-06-26,54.44,55.1,53.65,53.74,PayPal,PYPL,Financials
489,2017-06-27,53.6,53.79,52.64,52.73,PayPal,PYPL,Financials
490,2017-06-28,52.75,54.44,52.65,54.39,PayPal,PYPL,Financials
491,2017-06-29,53.81,54.1,52.52,53.42,PayPal,PYPL,Financials
492,2017-06-30,53.6,54.25,53.29,53.67,PayPal,PYPL,Financials
493,2017-07-03,54.14,54.33,52.83,52.87,PayPal,PYPL,Financials
494,2017-07-05,53.0,54.75,52.94,54.61,PayPal,PYPL,Financials
495,2017-07-06,54.22,54.3506,53.15,53.47,PayPal,PYPL,Financials
496,2017-07-07,53.7,54.48,53.52,53.97,PayPal,PYPL,Financials
497,2017-07-10,54.91,55.42,54.7,54.94,PayPal,PYPL,Financials
498,2017-07-11,54.92,55.2,54.33,54.76,PayPal,PYPL,Financials
499,2017-07-12,56.6,57.445,55.55,56.55,PayPal,PYPL,Financials
500,2017-07-13,57.3,57.91,56.8,57.9,PayPal,PYPL,Financials
501,2017-07-14,58.14,58.63,56.915,57.16,PayPal,PYPL,Financials
502,2017-07-17,57.53,57.6,57.02,57.58,PayPal,PYPL,Financials
503,2017-07-18,57.5,58.96,57.31,58.96,PayPal,PYPL,Financials
504,2017-07-19,58.31,58.62,57.55,58.35,PayPal,PYPL,Financials
505,2017-07-20,58.75,59.38,58.43,59.09,PayPal,PYPL,Financials
506,2017-07-21,59.0,59.33,58.59,58.67,PayPal,PYPL,Financials
507,2017-07-24,58.9,59.07,58.34,58.58,PayPal,PYPL,Financials
508,2017-07-25,58.73,58.83,58.19,58.26,PayPal,PYPL,Financials
509,2017-07-26,58.48,58.94,57.9,58.79,PayPal,PYPL,Financials
510,2017-07-27,61.0,61.3,57.6921,60.15,PayPal,PYPL,Financials
511,2017-07-28,59.8,60.71,59.04,59.2,PayPal,PYPL,Financials
512,2017-07-31,59.37,59.64,58.52,58.55,PayPal,PYPL,Financials
513,2017-08-01,59.0,59.39,58.79,59.34,PayPal,PYPL,Financials
514,2017-08-02,59.67,59.71,58.44,59.12,PayPal,PYPL,Financials
515,2017-08-03,59.16,59.28,58.36,58.42,PayPal,PYPL,Financials
516,2017-08-04,58.62,58.93,58.32,58.86,PayPal,PYPL,Financials
517,2017-08-07,59.18,59.64,58.84,59.62,PayPal,PYPL,Financials
518,2017-08-08,59.61,59.88,59.25,59.48,PayPal,PYPL,Financials
519,2017-08-09,58.97,59.73,58.59,59.67,PayPal,PYPL,Financials
520,2017-08-10,59.24,59.37,57.81,58.02,PayPal,PYPL,Financials
521,2017-08-11,57.85,58.25,57.58,58.04,PayPal,PYPL,Financials
522,2017-08-14,58.61,59.2763,58.271,59.06,PayPal,PYPL,Financials
523,2017-08-15,59.3,59.98,59.23,59.69,PayPal,PYPL,Financials
524,2017-08-16,59.95,60.7,59.6,60.29,PayPal,PYPL,Financials
525,2017-08-17,60.15,60.28,59.29,59.29,PayPal,PYPL,Financials
526,2017-08-18,59.36,59.82,58.94,59.44,PayPal,PYPL,Financials
527,2017-08-21,59.33,59.65,58.755,59.4,PayPal,PYPL,Financials
528,2017-08-22,59.72,61.0,59.44,60.84,PayPal,PYPL,Financials
529,2017-08-23,60.3,60.51,59.82,60.05,PayPal,PYPL,Financials
530,2017-08-24,60.22,60.43,59.11,60.0,PayPal,PYPL,Financials
531,2017-08-25,60.33,60.58,59.61,59.97,PayPal,PYPL,Financials
532,2017-08-28,60.31,60.53,59.81,60.53,PayPal,PYPL,Financials
533,2017-08-29,59.82,61.16,59.63,61.01,PayPal,PYPL,Financials
534,2017-08-30,61.05,61.86,60.89,61.77,PayPal,PYPL,Financials
535,2017-08-31,62.0,62.029,61.17,61.68,PayPal,PYPL,Financials
536,2017-09-01,61.98,62.23,61.3831,61.46,PayPal,PYPL,Financials
537,2017-09-05,61.26,61.75,60.58,61.27,PayPal,PYPL,Financials
538,2017-09-06,61.74,61.99,60.9,61.24,PayPal,PYPL,Financials
539,2017-09-07,61.33,62.13,61.28,62.0,PayPal,PYPL,Financials
540,2017-09-08,61.94,62.0,61.1,61.13,PayPal,PYPL,Financials
541,2017-09-11,61.73,63.26,61.62,62.64,PayPal,PYPL,Financials
542,2017-09-12,62.95,63.12,62.15,62.56,PayPal,PYPL,Financials
543,2017-09-13,62.47,62.75,61.58,62.04,PayPal,PYPL,Financials
544,2017-09-14,62.04,62.37,61.71,62.24,PayPal,PYPL,Financials
545,2017-09-15,62.27,62.8,61.96,62.5,PayPal,PYPL,Financials
546,2017-09-18,62.62,63.5299,62.52,62.92,PayPal,PYPL,Financials
547,2017-09-19,63.01,63.925,62.96,63.83,PayPal,PYPL,Financials
548,2017-09-20,63.99,64.87,63.83,64.74,PayPal,PYPL,Financials
549,2017-09-21,64.67,64.95,63.905,64.63,PayPal,PYPL,Financials
550,2017-09-22,64.33,65.24,64.11,65.08,PayPal,PYPL,Financials
551,2017-09-25,65.0,65.0,62.365,63.5,PayPal,PYPL,Financials
552,2017-09-26,63.71,63.7623,62.84,62.94,PayPal,PYPL,Financials
553,2017-09-27,63.41,63.75,63.1601,63.33,PayPal,PYPL,Financials
554,2017-09-28,63.62,64.055,63.11,63.93,PayPal,PYPL,Financials
555,2017-09-29,63.86,64.17,63.5,64.03,PayPal,PYPL,Financials
556,2017-10-02,64.5,65.12,64.1,64.18,PayPal,PYPL,Financials
557,2017-10-03,64.51,64.51,63.7607,64.22,PayPal,PYPL,Financials
558,2017-10-04,64.3,64.3,63.69,64.01,PayPal,PYPL,Financials
559,2017-10-05,64.38,66.0,64.22,65.82,PayPal,PYPL,Financials
560,2017-10-06,66.0,66.41,65.79,66.05,PayPal,PYPL,Financials
561,2017-10-09,66.2,66.55,65.9,66.23,PayPal,PYPL,Financials
562,2017-10-10,66.6,66.67,65.79,66.04,PayPal,PYPL,Financials
563,2017-10-11,67.25,68.42,66.98,67.78,PayPal,PYPL,Financials
564,2017-10-12,68.02,68.98,67.8048,68.86,PayPal,PYPL,Financials
565,2017-10-13,69.49,69.61,68.0,68.66,PayPal,PYPL,Financials
566,2017-10-16,69.04,69.2,67.28,67.31,PayPal,PYPL,Financials
567,2017-10-17,67.65,67.67,66.35,66.67,PayPal,PYPL,Financials
568,2017-10-18,67.4,67.5,67.0,67.26,PayPal,PYPL,Financials
569,2017-10-19,67.3,67.45,66.16,67.25,PayPal,PYPL,Financials
570,2017-10-20,71.33,71.73,69.69,70.97,PayPal,PYPL,Financials
571,2017-10-23,71.02,71.33,69.55,69.8,PayPal,PYPL,Financials
572,2017-10-24,69.73,70.565,69.67,70.21,PayPal,PYPL,Financials
573,2017-10-25,69.94,71.42,69.85,71.02,PayPal,PYPL,Financials
574,2017-10-26,71.46,72.07,71.04,71.34,PayPal,PYPL,Financials
575,2017-10-27,71.72,71.79,70.58,71.06,PayPal,PYPL,Financials
576,2017-10-30,71.45,71.54,70.53,71.15,PayPal,PYPL,Financials
577,2017-10-31,71.34,72.74,71.11,72.56,PayPal,PYPL,Financials
578,2017-11-01,72.78,72.99,71.69,72.38,PayPal,PYPL,Financials
579,2017-11-02,72.46,72.7755,72.01,72.25,PayPal,PYPL,Financials
580,2017-11-03,72.37,73.41,71.94,73.39,PayPal,PYPL,Financials
581,2017-11-06,73.72,74.76,73.42,74.74,PayPal,PYPL,Financials
582,2017-11-07,75.17,75.45,74.19,74.41,PayPal,PYPL,Financials
583,2017-11-08,74.0,75.0,73.31,74.77,PayPal,PYPL,Financials
584,2017-11-09,74.02,74.2,72.41,74.1,PayPal,PYPL,Financials
585,2017-11-10,73.77,74.14,73.56,73.99,PayPal,PYPL,Financials
586,2017-11-13,73.61,74.29,73.34,74.03,PayPal,PYPL,Financials
587,2017-11-14,74.1,74.82,73.62,74.49,PayPal,PYPL,Financials
588,2017-11-15,74.3,74.4,73.1853,73.43,PayPal,PYPL,Financials
589,2017-11-16,75.5,77.94,75.28,77.7,PayPal,PYPL,Financials
590,2017-11-17,78.01,78.01,75.8,76.38,PayPal,PYPL,Financials
591,2017-11-20,76.6,77.32,75.88,76.01,PayPal,PYPL,Financials
592,2017-11-21,77.09,78.43,76.85,77.77,PayPal,PYPL,Financials
593,2017-11-22,77.9,77.99,76.62,77.57,PayPal,PYPL,Financials
594,2017-11-24,77.81,78.9,77.7,78.57,PayPal,PYPL,Financials
595,2017-11-27,78.63,79.385,77.71,77.84,PayPal,PYPL,Financials
596,2017-11-28,77.95,78.23,77.2435,77.79,PayPal,PYPL,Financials
597,2017-11-29,77.95,77.98,71.67,73.25,PayPal,PYPL,Financials
598,2017-11-30,73.77,75.87,73.54,75.73,PayPal,PYPL,Financials
599,2017-12-01,75.22,76.44,74.26,75.3,PayPal,PYPL,Financials
600,2017-12-04,75.59,75.7439,68.61,70.97,PayPal,PYPL,Financials
601,2017-12-05,69.81,72.75,69.61,71.2,PayPal,PYPL,Financials
602,2017-12-06,70.89,73.2,70.83,73.14,PayPal,PYPL,Financials
603,2017-12-07,73.25,74.069,73.25,73.69,PayPal,PYPL,Financials
604,2017-12-08,74.71,74.71,72.6,72.91,PayPal,PYPL,Financials
605,2017-12-11,72.96,73.68,72.56,73.29,PayPal,PYPL,Financials
606,2017-12-12,73.45,74.31,73.0,73.62,PayPal,PYPL,Financials
607,2017-12-13,74.08,75.42,73.77,74.09,PayPal,PYPL,Financials
608,2017-12-14,74.5,75.53,74.2,74.26,PayPal,PYPL,Financials
609,2017-12-15,74.82,75.87,73.51,75.65,PayPal,PYPL,Financials
610,2017-12-18,76.3,76.35,75.2,75.32,PayPal,PYPL,Financials
611,2017-12-19,75.39,75.39,73.91,74.5,PayPal,PYPL,Financials
612,2017-12-20,74.64,74.9,73.76,74.0,PayPal,PYPL,Financials
613,2017-12-21,74.19,74.47,73.8,74.02,PayPal,PYPL,Financials
614,2017-12-22,73.8,74.04,72.9,73.89,PayPal,PYPL,Financials
615,2017-12-26,73.29,74.34,72.63,74.27,PayPal,PYPL,Financials
616,2017-12-27,74.25,74.93,74.0,74.59,PayPal,PYPL,Financials
617,2017-12-28,74.96,75.0,73.86,74.17,PayPal,PYPL,Financials
618,2017-12-29,73.92,74.53,73.58,73.62,PayPal,PYPL,Financials
619,2018-01-02,74.235,74.5,73.43,73.84,PayPal,PYPL,Financials
620,2018-01-03,74.3,76.8499,74.05,76.75,PayPal,PYPL,Financials
621,2018-01-04,77.33,77.9287,76.2599,76.73,PayPal,PYPL,Financials
622,2018-01-05,77.11,78.93,77.01,78.7,PayPal,PYPL,Financials
623,2018-01-08,78.7,79.18,77.773,79.05,PayPal,PYPL,Financials
624,2018-01-09,80.1,80.39,78.52,79.19,PayPal,PYPL,Financials
625,2018-01-10,78.5,79.485,77.7,79.37,PayPal,PYPL,Financials
626,2018-01-11,79.45,79.87,78.91,79.75,PayPal,PYPL,Financials
627,2018-01-12,80.0,80.77,79.66,80.54,PayPal,PYPL,Financials
628,2018-01-16,80.95,81.8,79.94,80.42,PayPal,PYPL,Financials
629,2018-01-17,80.4,82.61,79.96,82.47,PayPal,PYPL,Financials
630,2018-01-18,82.43,83.44,81.61,82.94,PayPal,PYPL,Financials
631,2018-01-19,83.23,84.19,83.1283,83.84,PayPal,PYPL,Financials
632,2018-01-22,84.0,84.21,83.22,83.98,PayPal,PYPL,Financials
633,2018-01-23,84.12,84.55,83.45,84.21,PayPal,PYPL,Financials
634,2018-01-24,84.52,85.29,82.71,83.71,PayPal,PYPL,Financials
635,2018-01-25,84.0,85.27,83.71,84.34,PayPal,PYPL,Financials
636,2018-01-26,84.46,85.49,84.04,85.45,PayPal,PYPL,Financials
637,2018-01-29,85.2,85.35,83.62,84.31,PayPal,PYPL,Financials
638,2018-01-30,83.0,84.17,82.0,83.78,PayPal,PYPL,Financials
639,2018-01-31,84.18,86.32,84.16,85.32,PayPal,PYPL,Financials
640,2018-02-01,79.95,80.95,76.7,78.4,PayPal,PYPL,Financials
641,2018-02-02,78.1,79.62,76.28,76.57,PayPal,PYPL,Financials
642,2018-02-05,75.95,78.98,74.68,74.705,PayPal,PYPL,Financials
643,2018-02-06,72.63,76.515,72.25,75.68,PayPal,PYPL,Financials
644,2018-02-07,75.35,77.58,74.94,75.59,PayPal,PYPL,Financials
645,2018-02-08,75.63,75.91,72.27,72.32,PayPal,PYPL,Financials
646,2018-02-09,73.14,75.27,71.63,74.75,PayPal,PYPL,Financials
647,2018-02-12,75.49,76.28,74.852,75.28,PayPal,PYPL,Financials
648,2018-02-13,74.81,75.6,74.55,74.97,PayPal,PYPL,Financials
649,2018-02-14,74.18,77.36,74.13,77.27,PayPal,PYPL,Financials
650,2018-02-15,78.01,78.3,76.58,78.295,PayPal,PYPL,Financials
651,2018-02-16,78.2,78.75,77.53,78.37,PayPal,PYPL,Financials
652,2018-02-20,77.7,78.54,76.66,77.06,PayPal,PYPL,Financials
653,2018-02-21,77.2,78.496,76.465,76.51,PayPal,PYPL,Financials
654,2018-02-22,76.8,78.37,76.77,77.7,PayPal,PYPL,Financials
655,2018-02-23,78.26,79.7,77.391,79.69,PayPal,PYPL,Financials
656,2018-02-26,80.0,80.05,78.98,79.35,PayPal,PYPL,Financials
657,2018-02-27,79.11,79.929,78.61,79.46,PayPal,PYPL,Financials
658,2018-02-28,79.9,82.17,79.39,79.41,PayPal,PYPL,Financials
659,2018-03-01,79.6,80.44,77.88,78.64,PayPal,PYPL,Financials
660,2018-03-02,77.52,79.11,76.93,78.87,PayPal,PYPL,Financials
661,2018-03-05,78.07,79.42,77.09,79.07,PayPal,PYPL,Financials
662,2018-03-06,79.33,79.95,78.85,79.23,PayPal,PYPL,Financials
663,2018-03-07,78.65,79.555,78.01,79.52,PayPal,PYPL,Financials
664,2018-03-08,79.85,80.49,79.53,79.87,PayPal,PYPL,Financials
665,2018-03-09,80.26,80.85,80.11,80.71,PayPal,PYPL,Financials
666,2018-03-12,80.75,81.17,80.35,80.6,PayPal,PYPL,Financials
667,2018-03-13,80.69,80.99,79.27,80.2,PayPal,PYPL,Financials
668,2018-03-14,80.74,83.5,80.64,83.31,PayPal,PYPL,Financials
669,2018-03-15,83.75,83.99,81.57,82.57,PayPal,PYPL,Financials
670,2018-03-16,82.8,83.23,81.27,82.16,PayPal,PYPL,Financials
671,2018-03-19,80.89,81.44,79.11,80.3,PayPal,PYPL,Financials
672,2018-03-20,80.18,81.19,80.0535,80.86,PayPal,PYPL,Financials
673,2018-03-21,80.94,82.35,80.51,81.04,PayPal,PYPL,Financials
674,2018-03-22,79.81,80.12,78.46,78.56,PayPal,PYPL,Financials
675,2018-03-23,78.5,79.06,76.35,76.44,PayPal,PYPL,Financials
676,2018-03-26,77.98,79.17,77.0301,78.95,PayPal,PYPL,Financials
677,2018-03-27,79.59,79.9,75.65,76.31,PayPal,PYPL,Financials
678,2018-03-28,75.7,76.75,74.74,75.06,PayPal,PYPL,Financials
679,2018-03-29,75.31,77.2,74.55,75.87,PayPal,PYPL,Financials
680,2018-04-02,75.23,76.3001,74.01,75.0,PayPal,PYPL,Financials
681,2018-04-03,75.28,75.41,73.35,74.56,PayPal,PYPL,Financials
682,2018-04-04,73.0,75.06,72.52,74.78,PayPal,PYPL,Financials
683,2018-04-05,75.59,77.82,75.48,76.95,PayPal,PYPL,Financials
684,2018-04-06,75.52,76.4,73.7,73.86,PayPal,PYPL,Financials
685,2018-04-09,74.6,76.88,74.6,75.19,PayPal,PYPL,Financials
686,2018-04-10,76.51,77.31,75.8003,76.79,PayPal,PYPL,Financials
687,2018-04-11,76.2,77.4,76.08,76.5,PayPal,PYPL,Financials
688,2018-04-12,76.8,77.99,76.61,77.46,PayPal,PYPL,Financials
689,2018-04-13,78.0,78.63,76.83,77.27,PayPal,PYPL,Financials
690,2018-04-16,77.88,78.5,77.19,77.8,PayPal,PYPL,Financials
691,2018-04-17,78.55,80.43,78.5,80.03,PayPal,PYPL,Financials
692,2018-04-18,80.1,80.89,79.32,80.34,PayPal,PYPL,Financials
693,2018-04-19,80.2,80.39,79.19,79.68,PayPal,PYPL,Financials
694,2018-04-20,79.22,79.87,78.3,78.73,PayPal,PYPL,Financials
695,2018-04-23,78.86,79.45,77.99,78.21,PayPal,PYPL,Financials
696,2018-04-24,78.9,79.4,75.08,75.28,PayPal,PYPL,Financials
697,2018-04-25,75.39,75.575,73.7,74.0,PayPal,PYPL,Financials
698,2018-04-26,76.32,77.62,75.49,76.03,PayPal,PYPL,Financials
699,2018-04-27,76.21,76.39,73.635,74.13,PayPal,PYPL,Financials
700,2018-04-30,74.0,75.019,73.69,74.61,PayPal,PYPL,Financials
701,2018-05-01,74.15,74.99,73.6,74.81,PayPal,PYPL,Financials
702,2018-05-02,75.0,75.71,71.21,71.73,PayPal,PYPL,Financials
703,2018-05-03,71.3,73.77,70.22,73.45,PayPal,PYPL,Financials
704,2018-05-04,73.19,74.44,72.23,73.99,PayPal,PYPL,Financials
705,2018-05-07,74.22,75.12,74.1,74.67,PayPal,PYPL,Financials
706,2018-05-08,74.62,75.94,74.44,75.72,PayPal,PYPL,Financials
707,2018-05-09,76.08,77.05,75.46,77.01,PayPal,PYPL,Financials
708,2018-05-10,77.39,79.255,77.25,79.19,PayPal,PYPL,Financials
709,2018-05-11,79.25,79.39,78.08,79.2,PayPal,PYPL,Financials
710,2018-05-14,79.14,79.65,78.4402,78.81,PayPal,PYPL,Financials
711,2018-05-15,77.85,78.2,76.93,77.79,PayPal,PYPL,Financials
712,2018-05-16,77.5,78.54,77.2801,77.82,PayPal,PYPL,Financials
713,2018-05-17,77.63,81.16,77.59,79.19,PayPal,PYPL,Financials
714,2018-05-18,79.9,81.94,79.8247,80.79,PayPal,PYPL,Financials
715,2018-05-21,81.61,82.32,80.37,81.25,PayPal,PYPL,Financials
716,2018-05-22,81.39,81.61,80.28,80.62,PayPal,PYPL,Financials
717,2018-05-23,79.66,81.12,79.405,81.08,PayPal,PYPL,Financials
718,2018-05-24,80.91,83.06,79.66,81.55,PayPal,PYPL,Financials
719,2018-05-25,82.65,82.72,80.49,80.96,PayPal,PYPL,Financials
720,2018-05-29,80.71,81.34,80.2,80.73,PayPal,PYPL,Financials
721,2018-05-30,81.1613,82.06,80.9,81.6,PayPal,PYPL,Financials
722,2018-05-31,81.81,82.83,81.55,82.07,PayPal,PYPL,Financials
723,2018-06-01,82.5497,83.46,81.85,83.25,PayPal,PYPL,Financials
724,2018-06-04,83.23,84.8,82.77,84.57,PayPal,PYPL,Financials
725,2018-06-05,84.5,85.2,84.01,85.05,PayPal,PYPL,Financials
726,2018-06-06,85.05,85.61,84.5,85.21,PayPal,PYPL,Financials
727,2018-06-07,85.21,85.3,82.31,83.27,PayPal,PYPL,Financials
728,2018-06-08,83.23,84.49,83.15,84.34,PayPal,PYPL,Financials
729,2018-06-11,84.45,84.59,83.79,83.89,PayPal,PYPL,Financials
730,2018-06-12,83.93,86.2,83.875,85.02,PayPal,PYPL,Financials
731,2018-06-13,85.5,86.0,84.68,85.27,PayPal,PYPL,Financials
732,2018-06-14,85.5,86.295,85.21,85.61,PayPal,PYPL,Financials
733,2018-06-15,85.33,85.69,84.1,85.31,PayPal,PYPL,Financials
734,2018-06-18,84.84,86.2,84.44,85.85,PayPal,PYPL,Financials
735,2018-06-19,84.64,84.96,83.43,84.52,PayPal,PYPL,Financials
736,2018-06-20,84.86,86.97,84.82,85.95,PayPal,PYPL,Financials
737,2018-06-21,86.5,87.55,85.45,85.97,PayPal,PYPL,Financials
738,2018-06-22,86.32,86.56,84.61,85.12,PayPal,PYPL,Financials
739,2018-06-25,84.08,84.47,81.21,82.19,PayPal,PYPL,Financials
740,2018-06-26,82.68,83.21,81.77,82.32,PayPal,PYPL,Financials
741,2018-06-27,82.55,82.97,80.4533,80.67,PayPal,PYPL,Financials
742,2018-06-28,80.39,82.83,80.16,82.48,PayPal,PYPL,Financials
743,2018-06-29,82.75,83.66,82.61,83.27,PayPal,PYPL,Financials
744,2018-07-02,82.75,83.96,82.0621,83.89,PayPal,PYPL,Financials
745,2018-07-03,84.36,84.9,83.15,83.27,PayPal,PYPL,Financials
746,2018-07-05,83.64,84.64,83.3,84.59,PayPal,PYPL,Financials
747,2018-07-06,84.41,86.0,83.94,85.94,PayPal,PYPL,Financials
748,2018-07-09,86.6,86.9,85.3476,86.23,PayPal,PYPL,Financials
749,2018-07-10,86.72,86.72,85.77,86.17,PayPal,PYPL,Financials
750,2018-07-11,85.47,86.86,85.07,86.25,PayPal,PYPL,Financials
751,2018-07-12,87.2,89.19,86.8,89.13,PayPal,PYPL,Financials
752,2018-07-13,89.0,89.1,86.83,87.99,PayPal,PYPL,Financials
753,2018-07-16,88.26,88.3413,87.48,87.77,PayPal,PYPL,Financials
754,2018-07-17,87.25,88.72,86.59,88.58,PayPal,PYPL,Financials
755,2018-07-18,88.7,88.93,87.68,88.22,PayPal,PYPL,Financials
756,2018-07-19,88.0,88.59,87.16,87.38,PayPal,PYPL,Financials
757,2018-07-20,87.32,88.0,87.14,87.47,PayPal,PYPL,Financials
758,2018-07-23,87.14,89.6,85.82,89.24,PayPal,PYPL,Financials
759,2018-07-24,90.6,92.35,90.4133,91.41,PayPal,PYPL,Financials
760,2018-07-25,91.13,92.35,91.01,91.37,PayPal,PYPL,Financials
761,2018-07-26,88.51,90.68,87.25,89.14,PayPal,PYPL,Financials
762,2018-07-27,89.5,90.28,84.75,85.46,PayPal,PYPL,Financials
763,2018-07-30,85.5,85.5,81.85,82.39,PayPal,PYPL,Financials
764,2018-07-31,82.51,83.32,81.3,82.14,PayPal,PYPL,Financials
765,2018-08-01,82.24,83.98,82.0097,83.46,PayPal,PYPL,Financials
766,2018-08-02,82.95,85.59,82.85,85.53,PayPal,PYPL,Financials
767,2018-08-03,85.99,86.2,84.15,85.19,PayPal,PYPL,Financials
768,2018-08-06,85.19,86.1,84.9,85.77,PayPal,PYPL,Financials
769,2018-08-07,86.3,86.99,85.95,86.3,PayPal,PYPL,Financials
770,2018-08-08,86.23,87.095,85.86,86.74,PayPal,PYPL,Financials
771,2018-08-09,86.91,88.09,86.48,87.17,PayPal,PYPL,Financials
772,2018-08-10,86.55,88.03,86.01,87.01,PayPal,PYPL,Financials
773,2018-08-13,87.42,88.5,86.96,87.01,PayPal,PYPL,Financials
774,2018-08-14,87.37,87.83,86.48,87.73,PayPal,PYPL,Financials
775,2018-08-15,86.78,87.25,84.61,85.19,PayPal,PYPL,Financials
776,2018-08-16,85.85,85.9,84.87,85.32,PayPal,PYPL,Financials
777,2018-08-17,85.1,85.77,84.22,85.45,PayPal,PYPL,Financials
778,2018-08-20,85.74,86.0,84.9,85.75,PayPal,PYPL,Financials
779,2018-08-21,85.82,87.38,85.82,86.22,PayPal,PYPL,Financials
780,2018-08-22,86.0,87.16,85.63,86.95,PayPal,PYPL,Financials
781,2018-08-23,86.72,88.175,86.67,87.38,PayPal,PYPL,Financials
782,2018-08-24,87.95,90.13,87.95,90.1,PayPal,PYPL,Financials
783,2018-08-27,90.68,91.32,89.78,89.97,PayPal,PYPL,Financials
784,2018-08-28,90.1,90.85,89.68,90.61,PayPal,PYPL,Financials
785,2018-08-29,90.78,92.94,90.78,92.62,PayPal,PYPL,Financials
786,2018-08-30,92.29,93.01,91.71,92.09,PayPal,PYPL,Financials
787,2018-08-31,91.84,92.74,91.8,92.33,PayPal,PYPL,Financials
788,2018-09-04,91.94,93.44,91.62,93.07,PayPal,PYPL,Financials
789,2018-09-05,92.98,93.0,88.7,89.05,PayPal,PYPL,Financials
790,2018-09-06,89.18,89.555,88.06,89.0,PayPal,PYPL,Financials
791,2018-09-07,88.13,89.68,87.39,88.82,PayPal,PYPL,Financials
792,2018-09-10,89.43,89.99,88.56,89.8,PayPal,PYPL,Financials
793,2018-09-11,89.83,91.71,89.035,91.43,PayPal,PYPL,Financials
794,2018-09-12,91.53,92.46,90.21,92.4,PayPal,PYPL,Financials
795,2018-09-13,92.6,93.7,92.06,92.19,PayPal,PYPL,Financials
796,2018-09-14,92.25,92.68,90.68,90.78,PayPal,PYPL,Financials
797,2018-09-17,90.66,91.3,88.51,88.68,PayPal,PYPL,Financials
798,2018-09-18,88.71,90.09,88.71,89.72,PayPal,PYPL,Financials
799,2018-09-19,90.1,90.7399,88.2382,89.31,PayPal,PYPL,Financials
800,2018-09-20,89.84,90.78,89.185,90.6,PayPal,PYPL,Financials
801,2018-09-21,91.05,92.0,90.42,90.62,PayPal,PYPL,Financials
802,2018-09-24,89.95,90.26,88.26,89.62,PayPal,PYPL,Financials
803,2018-09-25,89.62,90.38,89.2748,90.04,PayPal,PYPL,Financials
804,2018-09-26,90.34,90.93,89.7,89.85,PayPal,PYPL,Financials
805,2018-09-27,90.61,90.7,88.86,88.99,PayPal,PYPL,Financials
806,2018-09-28,88.79,89.045,87.6,87.84,PayPal,PYPL,Financials
807,2018-10-01,88.13,88.8,87.4,87.55,PayPal,PYPL,Financials
808,2018-10-02,87.27,87.35,85.83,86.68,PayPal,PYPL,Financials
809,2018-10-03,87.4,87.95,86.37,87.15,PayPal,PYPL,Financials
810,2018-10-04,86.39,86.5,83.54,84.34,PayPal,PYPL,Financials
811,2018-10-05,84.21,84.84,82.32,83.18,PayPal,PYPL,Financials
812,2018-10-08,82.62,82.89,78.65,80.55,PayPal,PYPL,Financials
813,2018-10-09,80.65,81.84,79.44,80.03,PayPal,PYPL,Financials
814,2018-10-10,79.61,79.91,75.32,75.45,PayPal,PYPL,Financials
815,2018-10-11,76.81,77.785,74.66,75.9,PayPal,PYPL,Financials
816,2018-10-12,79.12,79.6,77.79,79.03,PayPal,PYPL,Financials
817,2018-10-15,78.88,79.14,77.22,77.23,PayPal,PYPL,Financials
818,2018-10-16,78.85,80.91,78.46,80.61,PayPal,PYPL,Financials
819,2018-10-17,81.19,81.39,79.5,80.09,PayPal,PYPL,Financials
820,2018-10-18,80.17,80.44,77.36,77.48,PayPal,PYPL,Financials
821,2018-10-19,83.75,86.17,82.92,84.78,PayPal,PYPL,Financials
822,2018-10-22,84.86,86.23,83.5711,85.43,PayPal,PYPL,Financials
823,2018-10-23,83.2,87.8,82.99,87.57,PayPal,PYPL,Financials
824,2018-10-24,87.04,87.69,83.01,83.09,PayPal,PYPL,Financials
825,2018-10-25,84.24,86.51,83.56,85.96,PayPal,PYPL,Financials
826,2018-10-26,83.22,85.66,82.18,83.37,PayPal,PYPL,Financials
827,2018-10-29,84.74,85.24,78.99,81.15,PayPal,PYPL,Financials
828,2018-10-30,80.33,81.96,79.42,80.9,PayPal,PYPL,Financials
829,2018-10-31,82.37,85.35,82.3,84.19,PayPal,PYPL,Financials
830,2018-11-01,84.18,85.15,83.57,85.04,PayPal,PYPL,Financials
831,2018-11-02,85.46,86.104,82.65,83.51,PayPal,PYPL,Financials
832,2018-11-05,83.33,84.25,82.25,84.05,PayPal,PYPL,Financials
833,2018-11-06,84.1,85.31,83.72,84.69,PayPal,PYPL,Financials
834,2018-11-07,85.86,88.49,85.73,88.23,PayPal,PYPL,Financials
835,2018-11-08,87.7,89.06,87.68,89.04,PayPal,PYPL,Financials
836,2018-11-09,88.45,88.45,85.55,86.76,PayPal,PYPL,Financials
837,2018-11-12,86.17,86.65,83.3,83.78,PayPal,PYPL,Financials
838,2018-11-13,84.12,85.229,83.16,83.78,PayPal,PYPL,Financials
839,2018-11-14,84.98,85.14,83.07,84.05,PayPal,PYPL,Financials
840,2018-11-15,83.79,87.09,83.6,86.74,PayPal,PYPL,Financials
841,2018-11-16,86.0,86.72,84.83,85.06,PayPal,PYPL,Financials
842,2018-11-19,84.77,85.19,79.9,80.13,PayPal,PYPL,Financials
843,2018-11-20,77.0,79.08,75.47,77.76,PayPal,PYPL,Financials
844,2018-11-21,79.09,79.89,77.635,79.12,PayPal,PYPL,Financials
845,2018-11-23,78.09,79.71,77.9,77.95,PayPal,PYPL,Financials
846,2018-11-26,78.97,80.98,78.86,80.86,PayPal,PYPL,Financials
847,2018-11-27,81.0,82.0,80.205,81.97,PayPal,PYPL,Financials
848,2018-11-28,82.27,86.0,81.9496,85.98,PayPal,PYPL,Financials
849,2018-11-29,85.37,85.675,83.79,84.26,PayPal,PYPL,Financials
850,2018-11-30,84.39,85.86,83.66,85.81,PayPal,PYPL,Financials
851,2018-12-03,87.29,88.84,87.19,87.98,PayPal,PYPL,Financials
852,2018-12-04,87.24,88.47,84.02,84.19,PayPal,PYPL,Financials
853,2018-12-06,81.82,85.86,81.29,85.82,PayPal,PYPL,Financials
854,2018-12-07,84.96,85.99,81.97,82.77,PayPal,PYPL,Financials
855,2018-12-10,83.25,85.5,82.76,84.93,PayPal,PYPL,Financials
856,2018-12-11,86.01,86.9,84.56,85.51,PayPal,PYPL,Financials
857,2018-12-12,86.84,88.46,86.5,86.5,PayPal,PYPL,Financials
858,2018-12-13,87.73,88.71,86.41,87.56,PayPal,PYPL,Financials
859,2018-12-14,86.38,87.94,85.42,85.92,PayPal,PYPL,Financials
860,2018-12-17,85.69,86.3,83.3508,84.1,PayPal,PYPL,Financials
861,2018-12-18,84.7,86.37,84.62,85.51,PayPal,PYPL,Financials
862,2018-12-19,85.63,87.8,82.93,84.03,PayPal,PYPL,Financials
863,2018-12-20,83.78,84.87,80.82,82.44,PayPal,PYPL,Financials
864,2018-12-21,82.81,83.77,77.69,78.14,PayPal,PYPL,Financials
865,2018-12-24,77.48,79.3199,76.7,77.06,PayPal,PYPL,Financials
866,2018-12-26,77.7,82.8,77.65,82.8,PayPal,PYPL,Financials
867,2018-12-27,81.33,84.36,80.24,84.31,PayPal,PYPL,Financials
868,2018-12-28,85.0,85.23,82.34,83.26,PayPal,PYPL,Financials
869,2018-12-31,84.24,84.48,82.55,84.09,PayPal,PYPL,Financials
