,DATE,OPEN,HIGH,LOW,CLOSE,NAME,TICKER,SECTOR
0,2015-12-10,27.67,28.5,26.5,27.78,Atlassian,TEAM,Information Technology
1,2015-12-11,27.85,28.5,27.48,27.5,Atlassian,TEAM,Information Technology
2,2015-12-14,27.5,27.86,26.11,26.26,Atlassian,TEAM,Information Technology
3,2015-12-15,26.39,26.949,26.3,26.5,Atlassian,TEAM,Information Technology
4,2015-12-16,26.75,26.95,26.47,26.54,Atlassian,TEAM,Information Technology
5,2015-12-17,26.94,28.18,26.65,28.01,Atlassian,TEAM,Information Technology
6,2015-12-18,27.9,28.24,27.66,28.22,Atlassian,TEAM,Information Technology
7,2015-12-21,28.84,29.86,28.75,29.35,Atlassian,TEAM,Information Technology
8,2015-12-22,30.16,30.74,29.56,30.1,Atlassian,TEAM,Information Technology
9,2015-12-23,30.57,30.57,28.35,28.49,Atlassian,TEAM,Information Technology
10,2015-12-24,28.33,28.89,27.51,28.21,Atlassian,TEAM,Information Technology
11,2015-12-28,28.28,28.93,28.0,28.9,Atlassian,TEAM,Information Technology
12,2015-12-29,29.21,31.31,29.21,31.1,Atlassian,TEAM,Information Technology
13,2015-12-30,31.46,31.46,30.0,30.21,Atlassian,TEAM,Information Technology
14,2015-12-31,30.22,31.0,29.99,30.08,Atlassian,TEAM,Information Technology
15,2016-01-04,28.94,29.03,27.2,27.41,Atlassian,TEAM,Information Technology
16,2016-01-05,27.91,28.0,26.27,26.77,Atlassian,TEAM,Information Technology
17,2016-01-06,26.46,27.23,26.02,27.05,Atlassian,TEAM,Information Technology
18,2016-01-07,26.55,27.3194,26.46,26.97,Atlassian,TEAM,Information Technology
19,2016-01-08,27.06,27.76,26.93,27.17,Atlassian,TEAM,Information Technology
20,2016-01-11,27.1,27.5,26.95,27.12,Atlassian,TEAM,Information Technology
21,2016-01-12,27.2,27.427,26.64,26.82,Atlassian,TEAM,Information Technology
22,2016-01-13,27.0,27.2,26.0,26.73,Atlassian,TEAM,Information Technology
23,2016-01-14,26.68,27.14,25.7501,26.84,Atlassian,TEAM,Information Technology
24,2016-01-15,26.04,26.315,24.52,25.19,Atlassian,TEAM,Information Technology
25,2016-01-19,25.3,25.71,23.02,24.02,Atlassian,TEAM,Information Technology
26,2016-01-20,23.21,23.66,21.62,22.63,Atlassian,TEAM,Information Technology
27,2016-01-21,22.72,25.08,22.03,24.24,Atlassian,TEAM,Information Technology
28,2016-01-22,25.11,25.325,24.27,24.61,Atlassian,TEAM,Information Technology
29,2016-01-25,24.5,24.6358,23.45,23.67,Atlassian,TEAM,Information Technology
30,2016-01-26,23.68,24.1999,22.58,24.01,Atlassian,TEAM,Information Technology
31,2016-01-27,24.02,24.665,22.13,22.28,Atlassian,TEAM,Information Technology
32,2016-01-28,22.72,22.966,20.17,20.39,Atlassian,TEAM,Information Technology
33,2016-01-29,20.99,21.75,20.52,20.77,Atlassian,TEAM,Information Technology
34,2016-02-01,20.69,21.22,20.065,21.17,Atlassian,TEAM,Information Technology
35,2016-02-02,21.04,21.82,20.67,21.34,Atlassian,TEAM,Information Technology
36,2016-02-03,21.93,24.5,21.12,23.77,Atlassian,TEAM,Information Technology
37,2016-02-04,24.0,24.88,23.35,24.0,Atlassian,TEAM,Information Technology
38,2016-02-05,24.0,24.06,17.55,20.19,Atlassian,TEAM,Information Technology
39,2016-02-08,19.88,19.98,16.92,17.92,Atlassian,TEAM,Information Technology
40,2016-02-09,17.85,19.46,17.62,18.92,Atlassian,TEAM,Information Technology
41,2016-02-10,19.04,21.17,19.04,20.06,Atlassian,TEAM,Information Technology
42,2016-02-11,19.41,20.38,19.2,20.35,Atlassian,TEAM,Information Technology
43,2016-02-12,20.48,20.9,19.69,20.1,Atlassian,TEAM,Information Technology
44,2016-02-16,20.4,23.77,20.4,22.18,Atlassian,TEAM,Information Technology
45,2016-02-17,22.33,23.68,22.32,23.35,Atlassian,TEAM,Information Technology
46,2016-02-18,23.24,23.93,21.89,22.0,Atlassian,TEAM,Information Technology
47,2016-02-19,21.59,22.68,20.92,22.13,Atlassian,TEAM,Information Technology
48,2016-02-22,22.1,22.99,21.9,22.11,Atlassian,TEAM,Information Technology
49,2016-02-23,21.88,22.6,21.88,22.51,Atlassian,TEAM,Information Technology
50,2016-02-24,22.34,22.67,21.69,22.56,Atlassian,TEAM,Information Technology
51,2016-02-25,23.01,23.555,22.37,23.535,Atlassian,TEAM,Information Technology
52,2016-02-26,23.47,23.67,22.81,23.3,Atlassian,TEAM,Information Technology
53,2016-02-29,23.13,23.99,23.1,23.77,Atlassian,TEAM,Information Technology
54,2016-03-01,23.86,24.25,23.16,23.6,Atlassian,TEAM,Information Technology
55,2016-03-02,23.45,24.19,23.2324,24.16,Atlassian,TEAM,Information Technology
56,2016-03-03,24.04,24.49,22.85,23.0,Atlassian,TEAM,Information Technology
57,2016-03-04,23.24,23.3994,22.45,23.02,Atlassian,TEAM,Information Technology
58,2016-03-07,22.98,23.87,22.49,23.03,Atlassian,TEAM,Information Technology
59,2016-03-08,22.85,23.01,22.29,22.36,Atlassian,TEAM,Information Technology
60,2016-03-09,22.55,23.7699,21.58,21.77,Atlassian,TEAM,Information Technology
61,2016-03-10,21.8,22.74,21.24,22.22,Atlassian,TEAM,Information Technology
62,2016-03-11,22.36,23.57,22.21,22.97,Atlassian,TEAM,Information Technology
63,2016-03-14,22.97,23.2,22.5006,22.73,Atlassian,TEAM,Information Technology
64,2016-03-15,22.51,23.59,22.3001,23.5,Atlassian,TEAM,Information Technology
65,2016-03-16,23.63,24.37,23.41,24.19,Atlassian,TEAM,Information Technology
66,2016-03-17,23.98,24.67,23.735,24.42,Atlassian,TEAM,Information Technology
67,2016-03-18,24.33,24.65,23.2,23.24,Atlassian,TEAM,Information Technology
68,2016-03-21,23.4,24.27,23.07,23.92,Atlassian,TEAM,Information Technology
69,2016-03-22,23.77,25.02,23.675,24.69,Atlassian,TEAM,Information Technology
70,2016-03-23,24.75,25.07,24.195,24.63,Atlassian,TEAM,Information Technology
71,2016-03-24,24.57,24.6,23.28,23.82,Atlassian,TEAM,Information Technology
72,2016-03-28,24.0,24.42,23.69,24.01,Atlassian,TEAM,Information Technology
73,2016-03-29,23.83,24.238,23.71,24.11,Atlassian,TEAM,Information Technology
74,2016-03-30,24.05,24.79,23.68,23.74,Atlassian,TEAM,Information Technology
75,2016-03-31,23.68,25.18,23.65,25.15,Atlassian,TEAM,Information Technology
76,2016-04-01,24.85,24.975,23.5,23.69,Atlassian,TEAM,Information Technology
77,2016-04-04,23.77,24.15,23.35,24.1,Atlassian,TEAM,Information Technology
78,2016-04-05,23.86,24.0,22.76,23.48,Atlassian,TEAM,Information Technology
79,2016-04-06,23.44,23.77,23.2,23.55,Atlassian,TEAM,Information Technology
80,2016-04-07,23.19,23.5899,22.84,23.06,Atlassian,TEAM,Information Technology
81,2016-04-08,23.25,23.62,23.07,23.24,Atlassian,TEAM,Information Technology
82,2016-04-11,23.39,23.5125,23.1,23.23,Atlassian,TEAM,Information Technology
83,2016-04-12,23.3,23.44,22.95,23.11,Atlassian,TEAM,Information Technology
84,2016-04-13,23.27,23.63,23.2353,23.57,Atlassian,TEAM,Information Technology
85,2016-04-14,23.57,23.68,22.9,22.94,Atlassian,TEAM,Information Technology
86,2016-04-15,22.9,23.19,22.5,22.61,Atlassian,TEAM,Information Technology
87,2016-04-18,22.68,23.38,22.51,23.3,Atlassian,TEAM,Information Technology
88,2016-04-19,23.41,23.56,23.14,23.4,Atlassian,TEAM,Information Technology
89,2016-04-20,23.42,24.01,23.02,23.61,Atlassian,TEAM,Information Technology
90,2016-04-21,23.65,24.58,23.65,24.3,Atlassian,TEAM,Information Technology
91,2016-04-22,24.3,24.45,23.69,23.82,Atlassian,TEAM,Information Technology
92,2016-04-25,23.62,24.3599,23.62,23.91,Atlassian,TEAM,Information Technology
93,2016-04-26,24.04,24.28,23.85,24.1,Atlassian,TEAM,Information Technology
94,2016-04-27,24.06,24.42,23.48,23.66,Atlassian,TEAM,Information Technology
95,2016-04-28,23.69,23.92,23.066,23.19,Atlassian,TEAM,Information Technology
96,2016-04-29,23.15,23.4499,22.55,23.17,Atlassian,TEAM,Information Technology
97,2016-05-02,23.35,24.21,23.31,24.17,Atlassian,TEAM,Information Technology
98,2016-05-03,23.93,23.99,23.05,23.78,Atlassian,TEAM,Information Technology
99,2016-05-04,23.61,23.88,22.78,23.28,Atlassian,TEAM,Information Technology
100,2016-05-05,23.38,23.49,22.5,23.02,Atlassian,TEAM,Information Technology
101,2016-05-06,22.81,23.42,21.1,21.83,Atlassian,TEAM,Information Technology
102,2016-05-09,21.9,22.6,20.9025,21.09,Atlassian,TEAM,Information Technology
103,2016-05-10,21.05,22.0,20.51,21.81,Atlassian,TEAM,Information Technology
104,2016-05-11,21.64,22.35,21.1,22.01,Atlassian,TEAM,Information Technology
105,2016-05-12,21.95,22.13,21.26,21.58,Atlassian,TEAM,Information Technology
106,2016-05-13,21.47,22.31,21.47,21.93,Atlassian,TEAM,Information Technology
107,2016-05-16,21.75,22.92,21.75,22.03,Atlassian,TEAM,Information Technology
108,2016-05-17,21.91,22.23,21.53,21.73,Atlassian,TEAM,Information Technology
109,2016-05-18,21.57,22.26,21.5,22.12,Atlassian,TEAM,Information Technology
110,2016-05-19,21.91,22.0,21.51,21.8,Atlassian,TEAM,Information Technology
111,2016-05-20,21.74,22.75,21.55,22.69,Atlassian,TEAM,Information Technology
112,2016-05-23,22.58,22.99,22.29,22.37,Atlassian,TEAM,Information Technology
113,2016-05-24,22.5,23.16,22.5,22.82,Atlassian,TEAM,Information Technology
114,2016-05-25,22.56,23.24,22.25,23.02,Atlassian,TEAM,Information Technology
115,2016-05-26,22.99,23.26,22.66,22.91,Atlassian,TEAM,Information Technology
116,2016-05-27,22.71,22.86,22.16,22.78,Atlassian,TEAM,Information Technology
117,2016-05-31,22.85,22.87,22.3,22.57,Atlassian,TEAM,Information Technology
118,2016-06-01,22.45,23.95,22.45,23.93,Atlassian,TEAM,Information Technology
119,2016-06-02,23.96,25.03,23.74,24.95,Atlassian,TEAM,Information Technology
120,2016-06-03,24.99,24.99,24.0,24.15,Atlassian,TEAM,Information Technology
121,2016-06-06,24.02,24.7174,23.95,24.36,Atlassian,TEAM,Information Technology
122,2016-06-07,23.44,24.35,23.31,23.46,Atlassian,TEAM,Information Technology
123,2016-06-08,23.56,24.0,22.97,23.79,Atlassian,TEAM,Information Technology
124,2016-06-09,23.56,24.17,23.4405,23.99,Atlassian,TEAM,Information Technology
125,2016-06-10,23.52,23.85,23.23,23.84,Atlassian,TEAM,Information Technology
126,2016-06-13,23.55,24.41,23.535,24.35,Atlassian,TEAM,Information Technology
127,2016-06-14,24.09,24.59,23.845,24.52,Atlassian,TEAM,Information Technology
128,2016-06-15,24.78,26.0,24.52,25.99,Atlassian,TEAM,Information Technology
129,2016-06-16,25.54,25.98,24.7175,25.5,Atlassian,TEAM,Information Technology
130,2016-06-17,25.5,25.97,25.19,25.81,Atlassian,TEAM,Information Technology
131,2016-06-20,25.98,26.3,25.53,26.26,Atlassian,TEAM,Information Technology
132,2016-06-21,26.0,26.06,25.37,25.99,Atlassian,TEAM,Information Technology
133,2016-06-22,25.89,26.3,25.52,26.19,Atlassian,TEAM,Information Technology
134,2016-06-23,26.04,26.84,25.94,26.78,Atlassian,TEAM,Information Technology
135,2016-06-24,25.5,26.58,25.01,25.9,Atlassian,TEAM,Information Technology
136,2016-06-27,25.5,25.8399,24.94,24.95,Atlassian,TEAM,Information Technology
137,2016-06-28,25.36,25.84,25.035,25.38,Atlassian,TEAM,Information Technology
138,2016-06-29,25.63,26.19,25.35,25.81,Atlassian,TEAM,Information Technology
139,2016-06-30,25.97,26.0,24.89,25.9,Atlassian,TEAM,Information Technology
140,2016-07-01,25.68,25.93,25.39,25.62,Atlassian,TEAM,Information Technology
141,2016-07-05,25.3,26.18,25.22,26.17,Atlassian,TEAM,Information Technology
142,2016-07-06,25.84,27.05,25.78,26.97,Atlassian,TEAM,Information Technology
143,2016-07-07,27.0,27.0,26.17,26.58,Atlassian,TEAM,Information Technology
144,2016-07-08,26.77,27.09,26.62,26.98,Atlassian,TEAM,Information Technology
145,2016-07-11,27.08,27.44,26.81,27.22,Atlassian,TEAM,Information Technology
146,2016-07-12,27.11,27.3,26.925,27.3,Atlassian,TEAM,Information Technology
147,2016-07-13,27.41,27.98,27.01,27.11,Atlassian,TEAM,Information Technology
148,2016-07-14,27.08,27.5,26.94,27.35,Atlassian,TEAM,Information Technology
149,2016-07-15,27.58,28.0,27.33,27.4,Atlassian,TEAM,Information Technology
150,2016-07-18,27.4,27.46,27.08,27.2,Atlassian,TEAM,Information Technology
151,2016-07-19,27.22,27.53,27.12,27.51,Atlassian,TEAM,Information Technology
152,2016-07-20,27.73,28.14,27.61,28.02,Atlassian,TEAM,Information Technology
153,2016-07-21,27.9,28.04,27.71,27.73,Atlassian,TEAM,Information Technology
154,2016-07-22,27.81,28.2,27.72,28.16,Atlassian,TEAM,Information Technology
155,2016-07-25,28.2,28.6,28.05,28.4,Atlassian,TEAM,Information Technology
156,2016-07-26,28.31,28.74,27.85,28.7,Atlassian,TEAM,Information Technology
157,2016-07-27,28.73,29.118,28.58,29.0,Atlassian,TEAM,Information Technology
158,2016-07-28,29.23,29.96,29.0,29.74,Atlassian,TEAM,Information Technology
159,2016-07-29,29.7,30.0,29.22,29.97,Atlassian,TEAM,Information Technology
160,2016-08-01,29.99,29.99,29.25,29.84,Atlassian,TEAM,Information Technology
161,2016-08-02,29.96,29.96,29.16,29.33,Atlassian,TEAM,Information Technology
162,2016-08-03,29.2,30.0,29.0,29.79,Atlassian,TEAM,Information Technology
163,2016-08-04,29.99,30.14,29.9,30.04,Atlassian,TEAM,Information Technology
164,2016-08-05,30.5,32.54,29.75,31.97,Atlassian,TEAM,Information Technology
165,2016-08-08,31.82,31.9,29.9616,30.49,Atlassian,TEAM,Information Technology
166,2016-08-09,30.23,30.85,29.815,30.66,Atlassian,TEAM,Information Technology
167,2016-08-10,30.15,30.37,28.28,29.95,Atlassian,TEAM,Information Technology
168,2016-08-11,29.9,30.33,29.67,29.98,Atlassian,TEAM,Information Technology
169,2016-08-12,29.92,30.01,29.45,30.0,Atlassian,TEAM,Information Technology
170,2016-08-15,29.85,30.54,29.82,30.33,Atlassian,TEAM,Information Technology
171,2016-08-16,30.39,30.47,29.95,29.95,Atlassian,TEAM,Information Technology
172,2016-08-17,29.84,30.31,29.525,29.63,Atlassian,TEAM,Information Technology
173,2016-08-18,29.7,30.0,29.64,29.71,Atlassian,TEAM,Information Technology
174,2016-08-19,29.59,29.695,28.73,29.42,Atlassian,TEAM,Information Technology
175,2016-08-22,29.2,29.7,28.87,28.97,Atlassian,TEAM,Information Technology
176,2016-08-23,28.97,29.32,28.56,28.97,Atlassian,TEAM,Information Technology
177,2016-08-24,28.98,29.02,28.59,28.74,Atlassian,TEAM,Information Technology
178,2016-08-25,28.47,29.0,28.0,28.93,Atlassian,TEAM,Information Technology
179,2016-08-26,28.74,29.066,28.5649,28.94,Atlassian,TEAM,Information Technology
180,2016-08-29,28.74,29.26,28.72,29.02,Atlassian,TEAM,Information Technology
181,2016-08-30,29.04,29.72,28.88,29.7,Atlassian,TEAM,Information Technology
182,2016-08-31,29.61,29.69,28.66,29.48,Atlassian,TEAM,Information Technology
183,2016-09-01,29.3,30.0,29.3,29.97,Atlassian,TEAM,Information Technology
184,2016-09-02,30.0,30.24,29.77,30.1,Atlassian,TEAM,Information Technology
185,2016-09-06,30.28,30.45,29.89,30.42,Atlassian,TEAM,Information Technology
186,2016-09-07,30.34,30.995,30.25,30.64,Atlassian,TEAM,Information Technology
187,2016-09-08,30.6,31.1,30.34,30.67,Atlassian,TEAM,Information Technology
188,2016-09-09,30.56,30.6,29.35,29.48,Atlassian,TEAM,Information Technology
189,2016-09-12,29.25,30.29,28.96,30.23,Atlassian,TEAM,Information Technology
190,2016-09-13,29.85,30.08,29.34,29.49,Atlassian,TEAM,Information Technology
191,2016-09-14,29.48,30.24,29.29,29.73,Atlassian,TEAM,Information Technology
192,2016-09-15,29.73,30.1,29.295,30.01,Atlassian,TEAM,Information Technology
193,2016-09-16,29.9,30.17,29.6,30.0,Atlassian,TEAM,Information Technology
194,2016-09-19,29.99,30.59,29.72,30.29,Atlassian,TEAM,Information Technology
195,2016-09-20,30.5,30.6,30.06,30.26,Atlassian,TEAM,Information Technology
196,2016-09-21,30.45,35.16,30.18,31.9,Atlassian,TEAM,Information Technology
197,2016-09-22,32.1,32.1,30.41,31.36,Atlassian,TEAM,Information Technology
198,2016-09-23,31.46,31.54,30.63,30.75,Atlassian,TEAM,Information Technology
199,2016-09-26,30.39,30.7,29.71,30.02,Atlassian,TEAM,Information Technology
200,2016-09-27,29.9,30.42,29.45,29.78,Atlassian,TEAM,Information Technology
201,2016-09-28,29.83,30.17,29.52,30.0,Atlassian,TEAM,Information Technology
202,2016-09-29,31.48,31.49,29.92,30.32,Atlassian,TEAM,Information Technology
203,2016-09-30,30.4,30.4,29.97,29.97,Atlassian,TEAM,Information Technology
204,2016-10-03,29.8,30.0,28.56,29.19,Atlassian,TEAM,Information Technology
205,2016-10-04,29.13,29.3117,28.56,28.72,Atlassian,TEAM,Information Technology
206,2016-10-05,29.28,29.89,28.99,29.08,Atlassian,TEAM,Information Technology
207,2016-10-06,29.15,29.48,28.6,28.85,Atlassian,TEAM,Information Technology
208,2016-10-07,28.78,28.8948,28.12,28.27,Atlassian,TEAM,Information Technology
209,2016-10-10,28.38,28.81,28.19,28.46,Atlassian,TEAM,Information Technology
210,2016-10-11,28.35,28.61,28.11,28.41,Atlassian,TEAM,Information Technology
211,2016-10-12,28.23,28.37,27.84,28.0,Atlassian,TEAM,Information Technology
212,2016-10-13,27.75,28.48,27.55,28.05,Atlassian,TEAM,Information Technology
213,2016-10-14,28.34,28.61,27.89,28.42,Atlassian,TEAM,Information Technology
214,2016-10-17,28.5,28.5,28.3,28.43,Atlassian,TEAM,Information Technology
215,2016-10-18,28.53,28.99,28.48,28.91,Atlassian,TEAM,Information Technology
216,2016-10-19,29.0,29.16,28.54,29.03,Atlassian,TEAM,Information Technology
217,2016-10-20,29.1,29.24,28.55,28.7,Atlassian,TEAM,Information Technology
218,2016-10-21,28.83,29.205,28.59,29.04,Atlassian,TEAM,Information Technology
219,2016-10-24,29.69,29.69,29.0,29.25,Atlassian,TEAM,Information Technology
220,2016-10-25,29.37,29.44,28.9,29.14,Atlassian,TEAM,Information Technology
221,2016-10-26,28.95,29.51,28.645,28.77,Atlassian,TEAM,Information Technology
222,2016-10-27,28.86,29.07,28.14,28.31,Atlassian,TEAM,Information Technology
223,2016-10-28,28.02,28.04,26.84,27.2,Atlassian,TEAM,Information Technology
224,2016-10-31,27.0,27.06,26.06,26.86,Atlassian,TEAM,Information Technology
225,2016-11-01,26.78,27.29,26.59,27.19,Atlassian,TEAM,Information Technology
226,2016-11-02,27.07,27.3,26.69,27.13,Atlassian,TEAM,Information Technology
227,2016-11-03,27.04,27.23,26.84,26.94,Atlassian,TEAM,Information Technology
228,2016-11-04,26.84,27.09,26.77,26.9,Atlassian,TEAM,Information Technology
229,2016-11-07,27.01,27.45,26.67,27.44,Atlassian,TEAM,Information Technology
230,2016-11-08,27.31,27.6,27.02,27.42,Atlassian,TEAM,Information Technology
231,2016-11-09,26.0,27.41,25.74,27.32,Atlassian,TEAM,Information Technology
232,2016-11-10,27.3,27.65,27.04,27.47,Atlassian,TEAM,Information Technology
233,2016-11-11,27.41,27.66,27.19,27.49,Atlassian,TEAM,Information Technology
234,2016-11-14,27.52,28.16,27.25,27.59,Atlassian,TEAM,Information Technology
235,2016-11-15,27.72,28.0,27.16,27.91,Atlassian,TEAM,Information Technology
236,2016-11-16,27.91,28.56,27.63,28.55,Atlassian,TEAM,Information Technology
237,2016-11-17,28.59,29.4,28.38,29.36,Atlassian,TEAM,Information Technology
238,2016-11-18,29.19,29.385,28.57,28.76,Atlassian,TEAM,Information Technology
239,2016-11-21,28.71,28.8493,27.72,27.91,Atlassian,TEAM,Information Technology
240,2016-11-22,27.85,27.85,27.05,27.34,Atlassian,TEAM,Information Technology
241,2016-11-23,27.36,27.66,27.0,27.41,Atlassian,TEAM,Information Technology
242,2016-11-25,27.5,27.55,27.11,27.42,Atlassian,TEAM,Information Technology
243,2016-11-28,27.11,27.75,27.05,27.22,Atlassian,TEAM,Information Technology
244,2016-11-29,27.12,28.0841,27.08,27.61,Atlassian,TEAM,Information Technology
245,2016-11-30,27.51,27.52,26.75,27.14,Atlassian,TEAM,Information Technology
246,2016-12-01,27.03,27.03,25.86,26.12,Atlassian,TEAM,Information Technology
247,2016-12-02,26.71,26.72,24.49,25.23,Atlassian,TEAM,Information Technology
248,2016-12-05,25.13,25.97,25.0,25.59,Atlassian,TEAM,Information Technology
249,2016-12-06,25.77,25.83,25.35,25.58,Atlassian,TEAM,Information Technology
250,2016-12-07,25.65,26.27,25.43,26.08,Atlassian,TEAM,Information Technology
251,2016-12-08,26.18,26.56,25.67,26.53,Atlassian,TEAM,Information Technology
252,2016-12-09,26.71,26.99,26.375,26.55,Atlassian,TEAM,Information Technology
253,2016-12-12,26.31,26.66,25.5,25.64,Atlassian,TEAM,Information Technology
254,2016-12-13,25.64,25.79,25.23,25.28,Atlassian,TEAM,Information Technology
255,2016-12-14,25.3,25.5,24.84,24.89,Atlassian,TEAM,Information Technology
256,2016-12-15,24.94,25.18,24.54,24.65,Atlassian,TEAM,Information Technology
257,2016-12-16,24.64,24.83,24.12,24.19,Atlassian,TEAM,Information Technology
258,2016-12-19,25.24,25.24,23.8,24.07,Atlassian,TEAM,Information Technology
259,2016-12-20,24.08,24.73,24.0,24.61,Atlassian,TEAM,Information Technology
260,2016-12-21,24.65,24.74,23.88,24.33,Atlassian,TEAM,Information Technology
261,2016-12-22,24.34,24.395,23.8528,24.05,Atlassian,TEAM,Information Technology
262,2016-12-23,24.11,24.3682,23.91,24.13,Atlassian,TEAM,Information Technology
263,2016-12-27,24.41,26.02,24.06,24.31,Atlassian,TEAM,Information Technology
264,2016-12-28,24.36,24.44,23.93,24.25,Atlassian,TEAM,Information Technology
265,2016-12-29,24.27,24.48,24.15,24.26,Atlassian,TEAM,Information Technology
266,2016-12-30,24.34,24.39,23.96,24.08,Atlassian,TEAM,Information Technology
267,2017-01-03,24.32,24.73,24.2,24.6,Atlassian,TEAM,Information Technology
268,2017-01-04,24.75,25.61,24.7135,25.15,Atlassian,TEAM,Information Technology
269,2017-01-05,25.16,25.58,24.71,24.97,Atlassian,TEAM,Information Technology
270,2017-01-06,25.07,25.25,24.634,24.72,Atlassian,TEAM,Information Technology
271,2017-01-09,24.73,25.12,24.71,25.03,Atlassian,TEAM,Information Technology
272,2017-01-10,25.03,25.38,24.95,25.24,Atlassian,TEAM,Information Technology
273,2017-01-11,25.28,26.08,25.16,26.0,Atlassian,TEAM,Information Technology
274,2017-01-12,26.03,26.84,26.01,26.81,Atlassian,TEAM,Information Technology
275,2017-01-13,26.92,26.98,26.48,26.91,Atlassian,TEAM,Information Technology
276,2017-01-17,26.82,26.87,26.4278,26.63,Atlassian,TEAM,Information Technology
277,2017-01-18,26.88,27.45,26.62,27.2,Atlassian,TEAM,Information Technology
278,2017-01-19,27.35,27.51,27.14,27.42,Atlassian,TEAM,Information Technology
279,2017-01-20,27.21,28.14,26.96,28.03,Atlassian,TEAM,Information Technology
280,2017-01-23,27.78,27.97,27.23,27.64,Atlassian,TEAM,Information Technology
281,2017-01-24,27.52,28.1,27.38,27.93,Atlassian,TEAM,Information Technology
282,2017-01-25,28.69,28.69,27.68,27.85,Atlassian,TEAM,Information Technology
283,2017-01-26,27.86,27.99,27.62,27.77,Atlassian,TEAM,Information Technology
284,2017-01-27,27.81,27.97,27.52,27.76,Atlassian,TEAM,Information Technology
285,2017-01-30,27.51,27.69,26.97,27.61,Atlassian,TEAM,Information Technology
286,2017-01-31,27.39,27.7,27.07,27.63,Atlassian,TEAM,Information Technology
287,2017-02-01,27.57,28.19,27.33,28.02,Atlassian,TEAM,Information Technology
288,2017-02-02,28.0,28.185,27.62,28.14,Atlassian,TEAM,Information Technology
289,2017-02-03,28.06,28.37,27.85,28.16,Atlassian,TEAM,Information Technology
290,2017-02-06,27.96,27.9799,27.72,27.93,Atlassian,TEAM,Information Technology
291,2017-02-07,28.0,28.1,27.81,28.0,Atlassian,TEAM,Information Technology
292,2017-02-08,27.98,28.19,27.68,28.11,Atlassian,TEAM,Information Technology
293,2017-02-09,28.11,28.38,27.957,28.26,Atlassian,TEAM,Information Technology
294,2017-02-10,28.21,28.82,28.1016,28.64,Atlassian,TEAM,Information Technology
295,2017-02-13,28.64,28.99,28.5,28.92,Atlassian,TEAM,Information Technology
296,2017-02-14,28.95,29.0,28.75,28.96,Atlassian,TEAM,Information Technology
297,2017-02-15,28.9,29.74,28.8458,29.62,Atlassian,TEAM,Information Technology
298,2017-02-16,29.47,29.59,28.88,29.16,Atlassian,TEAM,Information Technology
299,2017-02-17,28.96,29.9,28.76,29.89,Atlassian,TEAM,Information Technology
300,2017-02-21,29.79,30.24,29.53,30.05,Atlassian,TEAM,Information Technology
301,2017-02-22,30.06,30.24,29.2801,29.42,Atlassian,TEAM,Information Technology
302,2017-02-23,29.35,29.6245,29.31,29.5,Atlassian,TEAM,Information Technology
303,2017-02-24,29.39,29.39,29.06,29.27,Atlassian,TEAM,Information Technology
304,2017-02-27,29.06,29.2,28.73,28.82,Atlassian,TEAM,Information Technology
305,2017-02-28,28.54,29.0,28.39,28.44,Atlassian,TEAM,Information Technology
306,2017-03-01,28.73,28.99,28.25,28.93,Atlassian,TEAM,Information Technology
307,2017-03-02,28.83,28.97,28.53,28.6,Atlassian,TEAM,Information Technology
308,2017-03-03,28.66,28.89,28.4,28.79,Atlassian,TEAM,Information Technology
309,2017-03-06,28.56,28.76,28.34,28.63,Atlassian,TEAM,Information Technology
310,2017-03-07,28.69,28.83,28.3601,28.55,Atlassian,TEAM,Information Technology
311,2017-03-08,28.67,28.71,28.32,28.63,Atlassian,TEAM,Information Technology
312,2017-03-09,28.75,28.8,28.3,28.54,Atlassian,TEAM,Information Technology
313,2017-03-10,28.69,28.7169,28.5,28.67,Atlassian,TEAM,Information Technology
314,2017-03-13,28.58,29.19,28.58,29.13,Atlassian,TEAM,Information Technology
315,2017-03-14,29.15,29.15,28.7349,28.92,Atlassian,TEAM,Information Technology
316,2017-03-15,29.04,29.16,28.785,29.03,Atlassian,TEAM,Information Technology
317,2017-03-16,29.13,29.46,28.92,29.39,Atlassian,TEAM,Information Technology
318,2017-03-17,29.53,29.76,29.3913,29.66,Atlassian,TEAM,Information Technology
319,2017-03-20,29.81,29.89,29.1,29.45,Atlassian,TEAM,Information Technology
320,2017-03-21,29.73,29.79,28.75,28.99,Atlassian,TEAM,Information Technology
321,2017-03-22,29.04,29.38,28.8,29.18,Atlassian,TEAM,Information Technology
322,2017-03-23,29.02,29.764,29.02,29.29,Atlassian,TEAM,Information Technology
323,2017-03-24,29.32,29.706,29.0846,29.43,Atlassian,TEAM,Information Technology
324,2017-03-27,29.3,29.76,29.14,29.59,Atlassian,TEAM,Information Technology
325,2017-03-28,29.6,30.0,29.32,29.81,Atlassian,TEAM,Information Technology
326,2017-03-29,29.81,29.96,29.41,29.85,Atlassian,TEAM,Information Technology
327,2017-03-30,29.9,30.0,29.62,29.83,Atlassian,TEAM,Information Technology
328,2017-03-31,29.64,30.0,29.58,29.95,Atlassian,TEAM,Information Technology
329,2017-04-03,29.85,30.08,29.56,29.74,Atlassian,TEAM,Information Technology
330,2017-04-04,29.81,29.9999,29.68,29.91,Atlassian,TEAM,Information Technology
331,2017-04-05,30.0,30.38,29.89,30.11,Atlassian,TEAM,Information Technology
332,2017-04-06,30.15,31.33,30.15,31.32,Atlassian,TEAM,Information Technology
333,2017-04-07,31.11,31.43,31.11,31.32,Atlassian,TEAM,Information Technology
334,2017-04-10,31.43,31.69,31.075,31.55,Atlassian,TEAM,Information Technology
335,2017-04-11,31.43,31.5,30.83,31.22,Atlassian,TEAM,Information Technology
336,2017-04-12,31.01,31.64,31.01,31.6,Atlassian,TEAM,Information Technology
337,2017-04-13,31.6,31.62,31.18,31.23,Atlassian,TEAM,Information Technology
338,2017-04-17,31.34,31.6,31.29,31.49,Atlassian,TEAM,Information Technology
339,2017-04-18,31.45,31.72,31.26,31.59,Atlassian,TEAM,Information Technology
340,2017-04-19,31.58,31.98,31.45,31.83,Atlassian,TEAM,Information Technology
341,2017-04-20,31.44,31.5,30.91,31.27,Atlassian,TEAM,Information Technology
342,2017-04-21,31.44,31.615,31.2,31.54,Atlassian,TEAM,Information Technology
343,2017-04-24,31.89,32.03,31.58,32.02,Atlassian,TEAM,Information Technology
344,2017-04-25,31.97,32.81,31.79,32.57,Atlassian,TEAM,Information Technology
345,2017-04-26,32.57,32.85,32.45,32.82,Atlassian,TEAM,Information Technology
346,2017-04-27,32.66,33.57,32.55,33.47,Atlassian,TEAM,Information Technology
347,2017-04-28,34.2,34.97,33.67,34.48,Atlassian,TEAM,Information Technology
348,2017-05-01,33.65,34.79,32.84,34.72,Atlassian,TEAM,Information Technology
349,2017-05-02,34.69,34.95,34.3,34.94,Atlassian,TEAM,Information Technology
350,2017-05-03,34.96,35.32,34.84,35.28,Atlassian,TEAM,Information Technology
351,2017-05-04,35.36,36.89,35.13,36.53,Atlassian,TEAM,Information Technology
352,2017-05-05,36.48,37.01,36.03,36.81,Atlassian,TEAM,Information Technology
353,2017-05-08,36.92,37.04,36.53,36.82,Atlassian,TEAM,Information Technology
354,2017-05-09,36.83,37.06,36.65,36.84,Atlassian,TEAM,Information Technology
355,2017-05-10,36.79,37.42,36.6,37.18,Atlassian,TEAM,Information Technology
356,2017-05-11,37.0,37.12,36.4605,36.93,Atlassian,TEAM,Information Technology
357,2017-05-12,36.79,37.19,36.4,36.84,Atlassian,TEAM,Information Technology
358,2017-05-15,36.92,37.27,36.81,37.06,Atlassian,TEAM,Information Technology
359,2017-05-16,37.06,37.15,36.84,36.9,Atlassian,TEAM,Information Technology
360,2017-05-17,36.51,36.65,35.35,35.4,Atlassian,TEAM,Information Technology
361,2017-05-18,35.3,35.52,34.74,35.34,Atlassian,TEAM,Information Technology
362,2017-05-19,35.46,35.64,35.115,35.25,Atlassian,TEAM,Information Technology
363,2017-05-22,35.14,35.7,34.765,35.56,Atlassian,TEAM,Information Technology
364,2017-05-23,35.63,35.78,35.21,35.43,Atlassian,TEAM,Information Technology
365,2017-05-24,35.41,35.99,35.3,35.9,Atlassian,TEAM,Information Technology
366,2017-05-25,35.76,36.0,35.42,35.95,Atlassian,TEAM,Information Technology
367,2017-05-26,35.81,35.99,35.42,35.58,Atlassian,TEAM,Information Technology
368,2017-05-30,35.46,35.755,35.28,35.6,Atlassian,TEAM,Information Technology
369,2017-05-31,35.67,35.76,35.2,35.76,Atlassian,TEAM,Information Technology
370,2017-06-01,35.86,36.52,35.62,36.51,Atlassian,TEAM,Information Technology
371,2017-06-02,36.61,36.76,36.26,36.74,Atlassian,TEAM,Information Technology
372,2017-06-05,36.7,37.148,36.63,36.86,Atlassian,TEAM,Information Technology
373,2017-06-06,36.77,37.83,36.6,37.71,Atlassian,TEAM,Information Technology
374,2017-06-07,37.78,37.9,36.57,36.87,Atlassian,TEAM,Information Technology
375,2017-06-08,37.05,37.27,36.59,37.21,Atlassian,TEAM,Information Technology
376,2017-06-09,37.39,37.5,34.3071,34.62,Atlassian,TEAM,Information Technology
377,2017-06-12,34.51,34.89,32.58,34.57,Atlassian,TEAM,Information Technology
378,2017-06-13,34.79,35.35,34.45,34.63,Atlassian,TEAM,Information Technology
379,2017-06-14,34.82,35.24,34.22,34.63,Atlassian,TEAM,Information Technology
380,2017-06-15,34.34,34.71,34.065,34.64,Atlassian,TEAM,Information Technology
381,2017-06-16,34.78,34.82,34.26,34.79,Atlassian,TEAM,Information Technology
382,2017-06-19,34.94,35.25,34.52,34.85,Atlassian,TEAM,Information Technology
383,2017-06-20,34.81,34.97,34.39,34.6,Atlassian,TEAM,Information Technology
384,2017-06-21,34.8,35.01,34.3302,34.8,Atlassian,TEAM,Information Technology
385,2017-06-22,34.72,35.45,34.64,35.3,Atlassian,TEAM,Information Technology
386,2017-06-23,35.3,36.27,35.0,36.0,Atlassian,TEAM,Information Technology
387,2017-06-26,36.01,36.39,35.58,35.93,Atlassian,TEAM,Information Technology
388,2017-06-27,35.91,36.48,35.54,35.67,Atlassian,TEAM,Information Technology
389,2017-06-28,35.85,36.25,35.45,36.1,Atlassian,TEAM,Information Technology
390,2017-06-29,36.01,36.01,34.75,35.18,Atlassian,TEAM,Information Technology
391,2017-06-30,35.27,35.67,34.91,35.18,Atlassian,TEAM,Information Technology
392,2017-07-03,35.25,35.3,33.34,34.16,Atlassian,TEAM,Information Technology
393,2017-07-05,34.2,34.79,34.075,34.68,Atlassian,TEAM,Information Technology
394,2017-07-06,34.4,35.02,34.245,34.62,Atlassian,TEAM,Information Technology
395,2017-07-07,34.73,35.82,34.61,35.31,Atlassian,TEAM,Information Technology
396,2017-07-10,35.31,35.5825,34.99,35.32,Atlassian,TEAM,Information Technology
397,2017-07-11,35.16,35.56,34.89,35.34,Atlassian,TEAM,Information Technology
398,2017-07-12,35.76,36.4,35.59,36.24,Atlassian,TEAM,Information Technology
399,2017-07-13,36.3,36.43,35.49,35.53,Atlassian,TEAM,Information Technology
400,2017-07-14,35.72,35.75,35.27,35.65,Atlassian,TEAM,Information Technology
401,2017-07-17,35.75,35.79,35.41,35.65,Atlassian,TEAM,Information Technology
402,2017-07-18,35.67,35.67,35.26,35.43,Atlassian,TEAM,Information Technology
403,2017-07-19,35.55,36.36,35.35,36.26,Atlassian,TEAM,Information Technology
404,2017-07-20,36.29,36.29,35.61,35.98,Atlassian,TEAM,Information Technology
405,2017-07-21,35.97,36.3,35.49,35.75,Atlassian,TEAM,Information Technology
406,2017-07-24,35.42,36.49,35.42,36.41,Atlassian,TEAM,Information Technology
407,2017-07-25,36.94,38.49,36.94,38.0,Atlassian,TEAM,Information Technology
408,2017-07-26,38.0,38.99,37.42,38.84,Atlassian,TEAM,Information Technology
409,2017-07-27,39.0,39.25,37.1277,37.97,Atlassian,TEAM,Information Technology
410,2017-07-28,37.21,37.36,35.09,37.14,Atlassian,TEAM,Information Technology
411,2017-07-31,36.93,36.93,35.35,35.82,Atlassian,TEAM,Information Technology
412,2017-08-01,35.82,36.32,35.33,36.29,Atlassian,TEAM,Information Technology
413,2017-08-02,36.37,36.5,34.44,34.5,Atlassian,TEAM,Information Technology
414,2017-08-03,34.65,35.23,34.51,35.04,Atlassian,TEAM,Information Technology
415,2017-08-04,35.0,35.36,34.76,35.33,Atlassian,TEAM,Information Technology
416,2017-08-07,35.51,35.51,34.91,35.43,Atlassian,TEAM,Information Technology
417,2017-08-08,35.3,35.37,35.04,35.15,Atlassian,TEAM,Information Technology
418,2017-08-09,35.0,35.46,34.83,35.44,Atlassian,TEAM,Information Technology
419,2017-08-10,35.25,35.3,34.54,34.78,Atlassian,TEAM,Information Technology
420,2017-08-11,35.07,35.47,34.48,35.46,Atlassian,TEAM,Information Technology
421,2017-08-14,35.63,36.0,35.56,35.98,Atlassian,TEAM,Information Technology
422,2017-08-15,35.98,36.39,35.69,36.37,Atlassian,TEAM,Information Technology
423,2017-08-16,36.39,37.67,36.14,37.46,Atlassian,TEAM,Information Technology
424,2017-08-17,37.26,37.33,36.69,36.91,Atlassian,TEAM,Information Technology
425,2017-08-18,36.92,36.92,36.24,36.34,Atlassian,TEAM,Information Technology
426,2017-08-21,36.22,36.485,34.94,36.17,Atlassian,TEAM,Information Technology
427,2017-08-22,36.37,36.4079,35.39,35.9,Atlassian,TEAM,Information Technology
428,2017-08-23,35.57,36.22,35.45,35.75,Atlassian,TEAM,Information Technology
429,2017-08-24,35.75,35.82,34.68,35.22,Atlassian,TEAM,Information Technology
430,2017-08-25,35.19,35.2936,34.46,34.64,Atlassian,TEAM,Information Technology
431,2017-08-28,34.7,34.82,33.94,34.68,Atlassian,TEAM,Information Technology
432,2017-08-29,34.34,34.97,34.27,34.61,Atlassian,TEAM,Information Technology
433,2017-08-30,34.53,35.56,34.34,35.53,Atlassian,TEAM,Information Technology
434,2017-08-31,35.43,35.66,34.93,35.6,Atlassian,TEAM,Information Technology
435,2017-09-01,35.53,35.66,34.84,34.9,Atlassian,TEAM,Information Technology
436,2017-09-05,34.96,34.96,34.25,34.9,Atlassian,TEAM,Information Technology
437,2017-09-06,35.06,35.07,34.32,34.39,Atlassian,TEAM,Information Technology
438,2017-09-07,34.59,34.78,34.41,34.49,Atlassian,TEAM,Information Technology
439,2017-09-08,34.55,34.63,34.19,34.35,Atlassian,TEAM,Information Technology
440,2017-09-11,36.0,36.0,34.48,35.03,Atlassian,TEAM,Information Technology
441,2017-09-12,34.83,34.86,33.66,33.8,Atlassian,TEAM,Information Technology
442,2017-09-13,33.88,34.03,33.16,33.82,Atlassian,TEAM,Information Technology
443,2017-09-14,33.93,36.62,33.82,36.55,Atlassian,TEAM,Information Technology
444,2017-09-15,36.63,36.73,35.83,36.15,Atlassian,TEAM,Information Technology
445,2017-09-18,36.13,36.45,35.48,36.39,Atlassian,TEAM,Information Technology
446,2017-09-19,36.5,36.5,35.92,36.42,Atlassian,TEAM,Information Technology
447,2017-09-20,36.47,36.745,35.71,36.07,Atlassian,TEAM,Information Technology
448,2017-09-21,36.31,36.475,34.88,35.16,Atlassian,TEAM,Information Technology
449,2017-09-22,35.16,35.32,34.85,35.17,Atlassian,TEAM,Information Technology
450,2017-09-25,35.11,35.43,33.83,34.23,Atlassian,TEAM,Information Technology
451,2017-09-26,34.53,34.64,33.61,33.94,Atlassian,TEAM,Information Technology
452,2017-09-27,34.16,34.4,33.92,34.3,Atlassian,TEAM,Information Technology
453,2017-09-28,34.31,34.72,34.23,34.49,Atlassian,TEAM,Information Technology
454,2017-09-29,34.52,35.16,34.4,35.15,Atlassian,TEAM,Information Technology
455,2017-10-02,35.0,36.29,35.0,36.25,Atlassian,TEAM,Information Technology
456,2017-10-03,36.41,36.93,36.09,36.65,Atlassian,TEAM,Information Technology
457,2017-10-04,36.58,38.0,36.52,37.89,Atlassian,TEAM,Information Technology
458,2017-10-05,37.87,38.34,37.72,38.15,Atlassian,TEAM,Information Technology
459,2017-10-06,38.12,38.87,37.47,38.67,Atlassian,TEAM,Information Technology
460,2017-10-09,38.8,40.0,38.63,39.59,Atlassian,TEAM,Information Technology
461,2017-10-10,39.66,40.43,39.65,39.77,Atlassian,TEAM,Information Technology
462,2017-10-11,39.89,40.95,39.87,40.39,Atlassian,TEAM,Information Technology
463,2017-10-12,40.4,40.66,40.1014,40.33,Atlassian,TEAM,Information Technology
464,2017-10-13,40.46,40.46,39.24,39.64,Atlassian,TEAM,Information Technology
465,2017-10-16,39.82,40.0,39.21,39.55,Atlassian,TEAM,Information Technology
466,2017-10-17,39.61,39.97,39.33,39.75,Atlassian,TEAM,Information Technology
467,2017-10-18,39.75,39.94,39.47,39.81,Atlassian,TEAM,Information Technology
468,2017-10-19,39.49,40.3,39.06,40.25,Atlassian,TEAM,Information Technology
469,2017-10-20,45.98,50.88,41.93,50.17,Atlassian,TEAM,Information Technology
470,2017-10-23,48.66,49.07,47.47,49.0,Atlassian,TEAM,Information Technology
471,2017-10-24,48.55,49.56,48.0,49.28,Atlassian,TEAM,Information Technology
472,2017-10-25,49.27,49.27,46.811,48.26,Atlassian,TEAM,Information Technology
473,2017-10-26,48.08,48.74,47.58,47.91,Atlassian,TEAM,Information Technology
474,2017-10-27,48.02,48.3763,46.4,47.03,Atlassian,TEAM,Information Technology
475,2017-10-30,46.92,48.535,46.6,48.31,Atlassian,TEAM,Information Technology
476,2017-10-31,48.27,49.16,47.54,48.37,Atlassian,TEAM,Information Technology
477,2017-11-01,48.235,48.76,46.93,48.69,Atlassian,TEAM,Information Technology
478,2017-11-02,48.61,50.48,48.18,49.43,Atlassian,TEAM,Information Technology
479,2017-11-03,49.57,51.77,48.8,50.99,Atlassian,TEAM,Information Technology
480,2017-11-06,50.98,52.09,49.86,52.06,Atlassian,TEAM,Information Technology
481,2017-11-07,52.27,52.489,50.78,51.81,Atlassian,TEAM,Information Technology
482,2017-11-08,51.76,53.21,51.3,52.94,Atlassian,TEAM,Information Technology
483,2017-11-09,52.28,52.46,51.28,52.33,Atlassian,TEAM,Information Technology
484,2017-11-10,52.29,52.8199,51.92,52.4,Atlassian,TEAM,Information Technology
485,2017-11-13,51.9,52.37,51.26,52.27,Atlassian,TEAM,Information Technology
486,2017-11-14,52.26,52.84,51.77,52.38,Atlassian,TEAM,Information Technology
487,2017-11-15,51.72,52.18,50.9,51.9,Atlassian,TEAM,Information Technology
488,2017-11-16,51.94,53.45,51.94,52.43,Atlassian,TEAM,Information Technology
489,2017-11-17,52.38,52.92,51.9,52.37,Atlassian,TEAM,Information Technology
490,2017-11-20,52.21,52.255,50.87,50.9,Atlassian,TEAM,Information Technology
491,2017-11-21,50.9,52.51,50.52,52.21,Atlassian,TEAM,Information Technology
492,2017-11-22,52.11,52.11,51.32,51.74,Atlassian,TEAM,Information Technology
493,2017-11-24,52.1,52.535,51.31,52.23,Atlassian,TEAM,Information Technology
494,2017-11-27,52.29,52.31,51.22,51.55,Atlassian,TEAM,Information Technology
495,2017-11-28,51.81,51.9358,50.55,51.19,Atlassian,TEAM,Information Technology
496,2017-11-29,50.75,50.965,46.245,46.59,Atlassian,TEAM,Information Technology
497,2017-11-30,47.09,47.47,46.031,46.69,Atlassian,TEAM,Information Technology
498,2017-12-01,46.79,47.46,46.0822,47.01,Atlassian,TEAM,Information Technology
499,2017-12-04,47.53,48.0,44.27,44.28,Atlassian,TEAM,Information Technology
500,2017-12-05,43.88,46.0303,43.11,44.97,Atlassian,TEAM,Information Technology
501,2017-12-06,44.82,45.46,44.52,45.17,Atlassian,TEAM,Information Technology
502,2017-12-07,45.42,45.81,45.01,45.52,Atlassian,TEAM,Information Technology
503,2017-12-08,45.79,46.55,45.74,46.46,Atlassian,TEAM,Information Technology
504,2017-12-11,46.83,47.67,46.535,47.11,Atlassian,TEAM,Information Technology
505,2017-12-12,47.0,47.2,45.42,45.46,Atlassian,TEAM,Information Technology
506,2017-12-13,45.51,46.44,45.5,45.98,Atlassian,TEAM,Information Technology
507,2017-12-14,46.04,46.62,45.28,45.43,Atlassian,TEAM,Information Technology
508,2017-12-15,45.44,47.06,45.055,47.03,Atlassian,TEAM,Information Technology
509,2017-12-18,47.5,47.51,46.0,46.81,Atlassian,TEAM,Information Technology
510,2017-12-19,46.87,46.97,46.14,46.87,Atlassian,TEAM,Information Technology
511,2017-12-20,47.05,47.18,45.53,46.69,Atlassian,TEAM,Information Technology
512,2017-12-21,46.61,46.94,46.08,46.41,Atlassian,TEAM,Information Technology
513,2017-12-22,46.5,46.5,45.53,46.26,Atlassian,TEAM,Information Technology
514,2017-12-26,46.05,46.74,45.385,46.49,Atlassian,TEAM,Information Technology
515,2017-12-27,46.4,46.67,46.1,46.14,Atlassian,TEAM,Information Technology
516,2017-12-28,46.35,46.35,45.47,46.04,Atlassian,TEAM,Information Technology
517,2017-12-29,46.2,46.29,45.46,45.52,Atlassian,TEAM,Information Technology
518,2018-01-02,45.94,47.35,45.61,47.06,Atlassian,TEAM,Information Technology
519,2018-01-03,47.32,50.7105,47.32,50.4,Atlassian,TEAM,Information Technology
520,2018-01-04,51.06,52.04,50.63,51.6,Atlassian,TEAM,Information Technology
521,2018-01-05,51.62,52.43,51.6,51.87,Atlassian,TEAM,Information Technology
522,2018-01-08,51.89,52.6,51.27,51.91,Atlassian,TEAM,Information Technology
523,2018-01-09,52.31,52.85,51.08,52.72,Atlassian,TEAM,Information Technology
524,2018-01-10,52.22,52.47,50.54,51.05,Atlassian,TEAM,Information Technology
525,2018-01-11,51.15,52.07,50.66,52.04,Atlassian,TEAM,Information Technology
526,2018-01-12,52.04,52.74,51.32,52.57,Atlassian,TEAM,Information Technology
527,2018-01-16,53.38,55.25,51.77,52.82,Atlassian,TEAM,Information Technology
528,2018-01-17,53.31,55.21,53.04,54.87,Atlassian,TEAM,Information Technology
529,2018-01-18,55.91,55.91,53.56,55.6,Atlassian,TEAM,Information Technology
530,2018-01-19,53.31,55.17,51.55,53.07,Atlassian,TEAM,Information Technology
531,2018-01-22,52.6,53.0,50.93,52.26,Atlassian,TEAM,Information Technology
532,2018-01-23,51.92,54.06,51.2601,53.93,Atlassian,TEAM,Information Technology
533,2018-01-24,53.93,54.0,52.11,52.77,Atlassian,TEAM,Information Technology
534,2018-01-25,52.85,53.42,52.24,53.09,Atlassian,TEAM,Information Technology
535,2018-01-26,53.64,53.93,53.2,53.85,Atlassian,TEAM,Information Technology
536,2018-01-29,53.65,55.05,53.16,54.74,Atlassian,TEAM,Information Technology
537,2018-01-30,53.81,54.66,53.101,53.39,Atlassian,TEAM,Information Technology
538,2018-01-31,53.78,54.53,53.36,53.99,Atlassian,TEAM,Information Technology
539,2018-02-01,53.47,54.35,52.43,53.26,Atlassian,TEAM,Information Technology
540,2018-02-02,53.06,53.125,52.24,52.72,Atlassian,TEAM,Information Technology
541,2018-02-05,51.93,53.06,48.78,51.23,Atlassian,TEAM,Information Technology
542,2018-02-06,49.79,52.112,49.01,52.02,Atlassian,TEAM,Information Technology
543,2018-02-07,51.78,52.94,51.75,51.79,Atlassian,TEAM,Information Technology
544,2018-02-08,51.8,52.0053,48.71,48.86,Atlassian,TEAM,Information Technology
545,2018-02-09,49.57,50.67,47.74,50.19,Atlassian,TEAM,Information Technology
546,2018-02-12,50.29,51.529,50.06,51.22,Atlassian,TEAM,Information Technology
547,2018-02-13,51.13,51.99,50.9,51.8,Atlassian,TEAM,Information Technology
548,2018-02-14,51.29,52.32,50.1104,52.09,Atlassian,TEAM,Information Technology
549,2018-02-15,52.24,52.95,51.9,52.92,Atlassian,TEAM,Information Technology
550,2018-02-16,52.97,54.69,52.73,53.23,Atlassian,TEAM,Information Technology
551,2018-02-20,52.45,54.49,52.01,54.26,Atlassian,TEAM,Information Technology
552,2018-02-21,54.22,57.47,54.1,55.45,Atlassian,TEAM,Information Technology
553,2018-02-22,55.32,55.45,51.76,52.41,Atlassian,TEAM,Information Technology
554,2018-02-23,52.35,53.34,50.58,53.27,Atlassian,TEAM,Information Technology
555,2018-02-26,53.29,53.76,52.61,52.77,Atlassian,TEAM,Information Technology
556,2018-02-27,52.53,53.46,52.001,52.91,Atlassian,TEAM,Information Technology
557,2018-02-28,52.81,55.42,52.81,54.29,Atlassian,TEAM,Information Technology
558,2018-03-01,54.57,54.909,52.6,54.19,Atlassian,TEAM,Information Technology
559,2018-03-02,53.78,58.45,53.01,58.17,Atlassian,TEAM,Information Technology
560,2018-03-05,58.3,59.1,56.95,58.58,Atlassian,TEAM,Information Technology
561,2018-03-06,59.13,59.81,58.51,59.14,Atlassian,TEAM,Information Technology
562,2018-03-07,58.5,60.32,58.325,59.77,Atlassian,TEAM,Information Technology
563,2018-03-08,60.28,60.86,59.68,59.79,Atlassian,TEAM,Information Technology
564,2018-03-09,60.04,61.44,60.04,61.26,Atlassian,TEAM,Information Technology
565,2018-03-12,61.64,62.1713,60.47,61.8,Atlassian,TEAM,Information Technology
566,2018-03-13,62.14,62.25,59.58,59.83,Atlassian,TEAM,Information Technology
567,2018-03-14,60.27,60.66,58.34,59.98,Atlassian,TEAM,Information Technology
568,2018-03-15,60.07,60.19,59.06,59.56,Atlassian,TEAM,Information Technology
569,2018-03-16,59.53,59.66,58.84,59.26,Atlassian,TEAM,Information Technology
570,2018-03-19,59.18,59.74,58.08,58.57,Atlassian,TEAM,Information Technology
571,2018-03-20,58.6,59.45,58.54,59.16,Atlassian,TEAM,Information Technology
572,2018-03-21,59.42,59.94,58.11,58.32,Atlassian,TEAM,Information Technology
573,2018-03-22,57.35,58.86,56.0,57.51,Atlassian,TEAM,Information Technology
574,2018-03-23,57.53,58.06,55.33,55.36,Atlassian,TEAM,Information Technology
575,2018-03-26,56.5,56.991,55.141,56.62,Atlassian,TEAM,Information Technology
576,2018-03-27,57.2,57.62,53.68,54.01,Atlassian,TEAM,Information Technology
577,2018-03-28,53.5,53.5,50.84,52.16,Atlassian,TEAM,Information Technology
578,2018-03-29,52.55,54.49,52.07,53.92,Atlassian,TEAM,Information Technology
579,2018-04-02,53.54,54.24,53.011,53.78,Atlassian,TEAM,Information Technology
580,2018-04-03,54.47,54.85,52.94,53.21,Atlassian,TEAM,Information Technology
581,2018-04-04,52.0,56.23,51.76,56.11,Atlassian,TEAM,Information Technology
582,2018-04-05,56.91,57.3399,55.6637,55.97,Atlassian,TEAM,Information Technology
583,2018-04-06,55.48,56.26,53.96,54.59,Atlassian,TEAM,Information Technology
584,2018-04-09,55.48,56.91,55.24,55.9,Atlassian,TEAM,Information Technology
585,2018-04-10,57.04,57.43,55.3,56.99,Atlassian,TEAM,Information Technology
586,2018-04-11,56.58,59.82,56.355,58.66,Atlassian,TEAM,Information Technology
587,2018-04-12,58.91,60.84,58.32,60.64,Atlassian,TEAM,Information Technology
588,2018-04-13,61.09,61.255,59.95,60.25,Atlassian,TEAM,Information Technology
589,2018-04-16,60.87,61.58,60.01,60.68,Atlassian,TEAM,Information Technology
590,2018-04-17,61.0,62.75,60.96,62.06,Atlassian,TEAM,Information Technology
591,2018-04-18,61.15,62.78,60.54,62.07,Atlassian,TEAM,Information Technology
592,2018-04-19,62.19,62.6,61.0,62.27,Atlassian,TEAM,Information Technology
593,2018-04-20,54.61,59.6163,54.54,58.205,Atlassian,TEAM,Information Technology
594,2018-04-23,58.19,59.0249,56.7868,58.98,Atlassian,TEAM,Information Technology
595,2018-04-24,59.4,59.49,56.7,57.21,Atlassian,TEAM,Information Technology
596,2018-04-25,56.51,56.83,54.92,55.17,Atlassian,TEAM,Information Technology
597,2018-04-26,55.99,56.39,55.46,56.04,Atlassian,TEAM,Information Technology
598,2018-04-27,56.35,56.38,54.57,55.42,Atlassian,TEAM,Information Technology
599,2018-04-30,55.48,56.35,55.15,55.98,Atlassian,TEAM,Information Technology
600,2018-05-01,55.6,56.26,55.11,56.24,Atlassian,TEAM,Information Technology
601,2018-05-02,56.37,57.0,55.93,56.47,Atlassian,TEAM,Information Technology
602,2018-05-03,56.46,58.5,56.28,58.49,Atlassian,TEAM,Information Technology
603,2018-05-04,58.01,60.025,57.6,59.99,Atlassian,TEAM,Information Technology
604,2018-05-07,60.4,62.825,60.185,62.61,Atlassian,TEAM,Information Technology
605,2018-05-08,62.14,63.59,62.11,63.18,Atlassian,TEAM,Information Technology
606,2018-05-09,63.1,64.49,62.87,64.29,Atlassian,TEAM,Information Technology
607,2018-05-10,64.29,65.67,64.02,65.29,Atlassian,TEAM,Information Technology
608,2018-05-11,65.43,66.0,64.715,64.87,Atlassian,TEAM,Information Technology
609,2018-05-14,64.88,64.95,62.33,62.48,Atlassian,TEAM,Information Technology
610,2018-05-15,61.88,62.25,60.32,61.8,Atlassian,TEAM,Information Technology
611,2018-05-16,61.55,62.72,60.67,61.77,Atlassian,TEAM,Information Technology
612,2018-05-17,61.76,62.19,61.19,61.64,Atlassian,TEAM,Information Technology
613,2018-05-18,61.84,63.56,61.66,63.4,Atlassian,TEAM,Information Technology
614,2018-05-21,63.4,64.0,60.82,61.49,Atlassian,TEAM,Information Technology
615,2018-05-22,61.58,62.2,61.43,61.66,Atlassian,TEAM,Information Technology
616,2018-05-23,60.88,63.04,60.88,62.94,Atlassian,TEAM,Information Technology
617,2018-05-24,62.8,64.47,62.14,63.92,Atlassian,TEAM,Information Technology
618,2018-05-25,63.45,63.84,62.85,62.94,Atlassian,TEAM,Information Technology
619,2018-05-29,62.31,62.81,60.54,62.71,Atlassian,TEAM,Information Technology
620,2018-05-30,62.68,63.79,62.14,63.42,Atlassian,TEAM,Information Technology
621,2018-05-31,63.45,64.8,63.04,63.79,Atlassian,TEAM,Information Technology
622,2018-06-01,64.05,65.43,63.26,64.01,Atlassian,TEAM,Information Technology
623,2018-06-04,64.0,64.48,62.55,64.42,Atlassian,TEAM,Information Technology
624,2018-06-05,64.51,66.895,64.51,66.67,Atlassian,TEAM,Information Technology
625,2018-06-06,67.1,68.749,66.56,67.82,Atlassian,TEAM,Information Technology
626,2018-06-07,68.0,68.0,62.45,63.78,Atlassian,TEAM,Information Technology
627,2018-06-08,64.0,64.73,63.01,64.28,Atlassian,TEAM,Information Technology
628,2018-06-11,64.54,64.7239,63.83,64.35,Atlassian,TEAM,Information Technology
629,2018-06-12,64.4,66.29,64.35,66.21,Atlassian,TEAM,Information Technology
630,2018-06-13,66.3,67.47,65.521,66.14,Atlassian,TEAM,Information Technology
631,2018-06-14,66.64,67.6,66.08,66.49,Atlassian,TEAM,Information Technology
632,2018-06-15,66.28,66.29,65.22,66.12,Atlassian,TEAM,Information Technology
633,2018-06-18,65.8,67.63,65.4252,66.61,Atlassian,TEAM,Information Technology
634,2018-06-19,65.59,65.59,63.22,65.04,Atlassian,TEAM,Information Technology
635,2018-06-20,65.64,66.1271,64.94,65.53,Atlassian,TEAM,Information Technology
636,2018-06-21,65.8,65.97,64.39,65.59,Atlassian,TEAM,Information Technology
637,2018-06-22,65.51,65.51,62.61,64.19,Atlassian,TEAM,Information Technology
638,2018-06-25,63.55,63.94,61.18,62.38,Atlassian,TEAM,Information Technology
639,2018-06-26,62.87,63.59,62.4,63.25,Atlassian,TEAM,Information Technology
640,2018-06-27,63.37,63.53,60.75,60.75,Atlassian,TEAM,Information Technology
641,2018-06-28,60.69,62.46,60.39,62.12,Atlassian,TEAM,Information Technology
642,2018-06-29,62.42,63.21,62.09,62.52,Atlassian,TEAM,Information Technology
643,2018-07-02,62.03,63.52,61.6601,63.35,Atlassian,TEAM,Information Technology
644,2018-07-03,63.37,64.25,62.59,62.98,Atlassian,TEAM,Information Technology
645,2018-07-05,63.02,63.87,62.5,63.4,Atlassian,TEAM,Information Technology
646,2018-07-06,63.3,65.4,63.205,65.23,Atlassian,TEAM,Information Technology
647,2018-07-09,65.74,66.37,63.61,64.78,Atlassian,TEAM,Information Technology
648,2018-07-10,64.89,65.25,64.102,64.7,Atlassian,TEAM,Information Technology
649,2018-07-11,64.01,65.6,64.0,65.33,Atlassian,TEAM,Information Technology
650,2018-07-12,65.61,68.77,65.34,68.26,Atlassian,TEAM,Information Technology
651,2018-07-13,68.57,68.675,67.09,67.19,Atlassian,TEAM,Information Technology
652,2018-07-16,67.52,68.4,66.74,66.86,Atlassian,TEAM,Information Technology
653,2018-07-17,66.09,68.1,65.15,67.88,Atlassian,TEAM,Information Technology
654,2018-07-18,67.96,68.5,67.29,68.22,Atlassian,TEAM,Information Technology
655,2018-07-19,68.23,68.98,67.81,67.86,Atlassian,TEAM,Information Technology
656,2018-07-20,67.85,68.66,67.5,67.87,Atlassian,TEAM,Information Technology
657,2018-07-23,67.49,67.98,65.511,66.4,Atlassian,TEAM,Information Technology
658,2018-07-24,67.11,67.11,64.43,64.49,Atlassian,TEAM,Information Technology
659,2018-07-25,64.78,67.12,64.78,67.05,Atlassian,TEAM,Information Technology
660,2018-07-26,66.09,67.77,65.33,66.83,Atlassian,TEAM,Information Technology
661,2018-07-27,77.93,79.82,72.5,73.84,Atlassian,TEAM,Information Technology
662,2018-07-30,73.0,75.0,69.13,71.08,Atlassian,TEAM,Information Technology
663,2018-07-31,70.78,73.81,70.5,72.41,Atlassian,TEAM,Information Technology
664,2018-08-01,72.5,74.555,72.41,73.29,Atlassian,TEAM,Information Technology
665,2018-08-02,73.0,75.555,72.8652,74.92,Atlassian,TEAM,Information Technology
666,2018-08-03,75.2,75.2,73.3135,74.12,Atlassian,TEAM,Information Technology
667,2018-08-06,74.35,76.13,74.31,75.55,Atlassian,TEAM,Information Technology
668,2018-08-07,75.91,76.61,75.51,75.98,Atlassian,TEAM,Information Technology
669,2018-08-08,75.62,76.6999,75.2465,76.17,Atlassian,TEAM,Information Technology
670,2018-08-09,76.2,78.74,75.66,78.31,Atlassian,TEAM,Information Technology
671,2018-08-10,77.52,78.7,77.101,78.07,Atlassian,TEAM,Information Technology
672,2018-08-13,78.07,79.52,77.98,78.23,Atlassian,TEAM,Information Technology
673,2018-08-14,78.06,78.91,76.81,78.71,Atlassian,TEAM,Information Technology
674,2018-08-15,77.31,78.64,77.15,77.64,Atlassian,TEAM,Information Technology
675,2018-08-16,78.0,78.5,77.42,78.1,Atlassian,TEAM,Information Technology
676,2018-08-17,78.0,78.335,77.02,78.02,Atlassian,TEAM,Information Technology
677,2018-08-20,77.63,78.68,76.79,78.25,Atlassian,TEAM,Information Technology
678,2018-08-21,78.05,80.68,78.05,79.26,Atlassian,TEAM,Information Technology
679,2018-08-22,79.25,80.5,78.7,80.06,Atlassian,TEAM,Information Technology
680,2018-08-23,79.52,82.98,79.25,82.63,Atlassian,TEAM,Information Technology
681,2018-08-24,82.52,86.13,82.52,86.11,Atlassian,TEAM,Information Technology
682,2018-08-27,86.03,87.48,85.06,86.54,Atlassian,TEAM,Information Technology
683,2018-08-28,86.76,88.05,86.54,87.66,Atlassian,TEAM,Information Technology
684,2018-08-29,87.85,89.76,87.85,89.47,Atlassian,TEAM,Information Technology
685,2018-08-30,89.02,90.31,88.67,89.29,Atlassian,TEAM,Information Technology
686,2018-08-31,89.0,91.42,88.365,90.01,Atlassian,TEAM,Information Technology
687,2018-09-04,90.2,92.24,89.601,91.9,Atlassian,TEAM,Information Technology
688,2018-09-05,92.26,92.26,86.74,87.61,Atlassian,TEAM,Information Technology
689,2018-09-06,87.98,88.49,86.55,86.68,Atlassian,TEAM,Information Technology
690,2018-09-07,86.46,88.65,84.4619,87.01,Atlassian,TEAM,Information Technology
691,2018-09-10,87.96,88.5483,85.435,87.96,Atlassian,TEAM,Information Technology
692,2018-09-11,88.09,90.77,87.25,90.49,Atlassian,TEAM,Information Technology
693,2018-09-12,90.13,90.92,86.95,89.58,Atlassian,TEAM,Information Technology
694,2018-09-13,91.75,94.72,91.33,93.42,Atlassian,TEAM,Information Technology
695,2018-09-14,93.58,95.0,92.85,94.18,Atlassian,TEAM,Information Technology
696,2018-09-17,94.49,94.5,90.64,91.11,Atlassian,TEAM,Information Technology
697,2018-09-18,91.07,93.22,90.49,92.4,Atlassian,TEAM,Information Technology
698,2018-09-19,92.41,92.95,89.57,89.93,Atlassian,TEAM,Information Technology
699,2018-09-20,90.0,91.5,89.47,91.32,Atlassian,TEAM,Information Technology
700,2018-09-21,91.48,91.73,89.73,90.69,Atlassian,TEAM,Information Technology
701,2018-09-24,89.78,93.16,88.5739,92.47,Atlassian,TEAM,Information Technology
702,2018-09-25,92.9,94.61,92.6418,94.28,Atlassian,TEAM,Information Technology
703,2018-09-26,94.67,95.25,93.53,94.36,Atlassian,TEAM,Information Technology
704,2018-09-27,95.12,96.4494,94.8,95.89,Atlassian,TEAM,Information Technology
705,2018-09-28,95.78,97.06,95.03,96.14,Atlassian,TEAM,Information Technology
706,2018-10-01,97.18,98.2125,94.845,95.72,Atlassian,TEAM,Information Technology
707,2018-10-02,94.68,95.87,93.56,93.6,Atlassian,TEAM,Information Technology
708,2018-10-03,94.0,94.59,91.76,92.9,Atlassian,TEAM,Information Technology
709,2018-10-04,90.22,90.83,85.42,85.67,Atlassian,TEAM,Information Technology
710,2018-10-05,86.1,87.258,84.05,85.36,Atlassian,TEAM,Information Technology
711,2018-10-08,84.35,84.712,79.77,81.09,Atlassian,TEAM,Information Technology
712,2018-10-09,80.68,83.85,80.5124,81.29,Atlassian,TEAM,Information Technology
713,2018-10-10,80.24,80.69,77.51,78.65,Atlassian,TEAM,Information Technology
714,2018-10-11,76.62,81.22,76.12,78.34,Atlassian,TEAM,Information Technology
715,2018-10-12,81.22,82.36,79.87,81.71,Atlassian,TEAM,Information Technology
716,2018-10-15,81.71,82.14,78.6119,79.78,Atlassian,TEAM,Information Technology
717,2018-10-16,80.87,83.2,80.66,82.84,Atlassian,TEAM,Information Technology
718,2018-10-17,83.99,84.05,81.58,83.63,Atlassian,TEAM,Information Technology
719,2018-10-18,83.03,83.9,80.135,81.89,Atlassian,TEAM,Information Technology
720,2018-10-19,78.0,80.86,69.56,70.18,Atlassian,TEAM,Information Technology
721,2018-10-22,71.03,73.21,70.42,72.64,Atlassian,TEAM,Information Technology
722,2018-10-23,71.2,72.63,69.68,72.46,Atlassian,TEAM,Information Technology
723,2018-10-24,72.06,73.28,67.01,67.12,Atlassian,TEAM,Information Technology
724,2018-10-25,69.29,70.655,68.0,70.43,Atlassian,TEAM,Information Technology
725,2018-10-26,67.99,70.69,66.8,68.92,Atlassian,TEAM,Information Technology
726,2018-10-29,71.82,72.415,67.37,68.93,Atlassian,TEAM,Information Technology
727,2018-10-30,68.71,72.57,68.27,71.34,Atlassian,TEAM,Information Technology
728,2018-10-31,72.5,76.66,72.06,75.91,Atlassian,TEAM,Information Technology
729,2018-11-01,76.67,77.43,74.43,76.75,Atlassian,TEAM,Information Technology
730,2018-11-02,77.07,78.565,75.2,76.48,Atlassian,TEAM,Information Technology
731,2018-11-05,76.2,77.0,73.32,74.61,Atlassian,TEAM,Information Technology
732,2018-11-06,74.15,75.64,71.55,72.09,Atlassian,TEAM,Information Technology
733,2018-11-07,73.64,78.0,73.0949,77.61,Atlassian,TEAM,Information Technology
734,2018-11-08,76.82,77.26,74.725,75.95,Atlassian,TEAM,Information Technology
735,2018-11-09,75.02,75.4565,71.91,73.29,Atlassian,TEAM,Information Technology
736,2018-11-12,72.07,72.83,69.63,70.8,Atlassian,TEAM,Information Technology
737,2018-11-13,74.27,74.27,70.418,73.01,Atlassian,TEAM,Information Technology
738,2018-11-14,74.02,74.75,71.71,72.4,Atlassian,TEAM,Information Technology
739,2018-11-15,72.28,75.93,71.99,75.75,Atlassian,TEAM,Information Technology
740,2018-11-16,75.27,76.68,74.5301,75.95,Atlassian,TEAM,Information Technology
741,2018-11-19,75.48,75.75,68.94,69.31,Atlassian,TEAM,Information Technology
742,2018-11-20,66.04,70.57,65.17,70.22,Atlassian,TEAM,Information Technology
743,2018-11-21,73.11,73.21,70.091,72.13,Atlassian,TEAM,Information Technology
744,2018-11-23,70.22,73.42,70.001,73.2,Atlassian,TEAM,Information Technology
745,2018-11-26,73.69,76.26,72.77,76.17,Atlassian,TEAM,Information Technology
746,2018-11-27,75.29,76.63,74.31,74.66,Atlassian,TEAM,Information Technology
747,2018-11-28,75.47,81.5,75.47,80.7,Atlassian,TEAM,Information Technology
748,2018-11-29,80.0,85.83,79.89,83.9,Atlassian,TEAM,Information Technology
749,2018-11-30,84.28,87.0,84.06,85.94,Atlassian,TEAM,Information Technology
750,2018-12-03,89.0,89.81,87.07,89.6,Atlassian,TEAM,Information Technology
751,2018-12-04,88.7,89.82,85.01,85.72,Atlassian,TEAM,Information Technology
752,2018-12-06,82.3,85.76,81.0,85.14,Atlassian,TEAM,Information Technology
753,2018-12-07,83.82,84.83,78.924,80.46,Atlassian,TEAM,Information Technology
754,2018-12-10,80.2,84.28,79.0,83.06,Atlassian,TEAM,Information Technology
755,2018-12-11,85.21,85.6,82.16,82.98,Atlassian,TEAM,Information Technology
756,2018-12-12,84.83,86.75,83.8,84.05,Atlassian,TEAM,Information Technology
757,2018-12-13,85.0,85.6801,82.81,84.25,Atlassian,TEAM,Information Technology
758,2018-12-14,82.87,84.92,82.0101,83.19,Atlassian,TEAM,Information Technology
759,2018-12-17,82.75,82.75,79.29,79.85,Atlassian,TEAM,Information Technology
760,2018-12-18,81.2,81.35,78.73,79.12,Atlassian,TEAM,Information Technology
761,2018-12-19,79.68,83.74,79.355,81.06,Atlassian,TEAM,Information Technology
762,2018-12-20,80.24,83.85,75.55,82.25,Atlassian,TEAM,Information Technology
763,2018-12-21,82.97,83.0,79.46,81.13,Atlassian,TEAM,Information Technology
764,2018-12-24,79.79,81.85,77.34,78.66,Atlassian,TEAM,Information Technology
765,2018-12-26,79.36,85.5,79.33,85.32,Atlassian,TEAM,Information Technology
766,2018-12-27,83.52,87.57,82.66,87.57,Atlassian,TEAM,Information Technology
767,2018-12-28,88.21,88.98,85.22,87.6,Atlassian,TEAM,Information Technology
768,2018-12-31,89.23,90.88,88.2,88.98,Atlassian,TEAM,Information Technology
